ID,Description,setSize,enrichmentScore,NES,pvalue,p.adjust,qvalue,rank,leading_edge,core_enrichment
GO:0032543,mitochondrial translation,135,0.5881617358807548,2.3233597271428765,1e-10,8.415000000000001e-8,7.047368421052632e-8,1443,"tags=56%, list=25%, signal=43%",YKL138C/YDR405W/YML009C/YNR022C/YMR188C/YLR439W/YML129C/YDL202W/YMR193W/YDL045W-A/YOL027C/YGR076C/YLR204W/YJL102W/YER050C/YBR120C/YPL013C/YJL096W/YBL038W/YCR071C/YMR286W/YNL122C/YCR003W/YPR166C/YGR215W/YMR158W/YBR282W/YBR268W/YKR085C/YJR113C/YPL118W/YOR158W/YNL252C/YOL114C/YPR100W/YJL062W-A/YJL063C/YNR037C/YGR084C/YBR122C/YHR038W/YNL081C/YHR059W/YMR225C/YKL003C/YIL051C/YDR462W/YNL185C/YLR312W-A/YDR116C/YDR237W/YJR101W/YKL170W/YCR046C/YDR337W/YOR187W/YDR041W/YDR194C/YDR197W/YDR336W/YLR203C/YMR097C/YJL131C/YPL173W/YDR115W/YHR147C/YGR222W/YBR251W/YDR494W/YBR185C/YGL068W/YGR220C/YPR047W/YML025C/YNL284C
GO:0006629,lipid metabolic process,355,-0.4424723850441854,-2.1134174297063866,1e-10,8.415000000000001e-8,7.047368421052632e-8,1374,"tags=43%, list=23%, signal=35%",YNL106C/YDR319C/YLR020C/YLR189C/YBR222C/YDR275W/YIL102C-A/YOR311C/YML008C/YMR160W/YMR008C/YNR041C/YGR007W/YNL128W/YCL004W/YAL051W/YER015W/YJL062W/YHL020C/YBL039C/YDR072C/YHR190W/YOR221C/YOR081C/YLL012W/YLR305C/YLR284C/YDR017C/YPL076W/YER125W/YHL003C/YNL054W/YDR437W/YBR026C/YLR386W/YDR434W/YDL109C/YJL153C/YDR287W/YIL039W/YDR147W/YPL031C/YNL009W/YKL051W/YPL221W/YPL175W/YBR041W/YGR046W/YOL065C/YLR088W/YNR019W/YLR228C/YIL002C/YML126C/YBR265W/YNL202W/YOR149C/YMR220W/YJL083W/YFL025C/YLR459W/YDR284C/YJR107W/YBR042C/YLL031C/YOR109W/YLR240W/YGR038W/YEL020C/YER061C/YPL103C/YNL087W/YNL169C/YLR133W/YLR347C/YNL264C/YOR171C/YCR044C/YAL053W/YPR128C/YNL280C/YDL015C/YMR207C/YKR019C/YER005W/YKL212W/YGR233C/YKL055C/YMR013C/YDL237W/YHR001W/YAL009W/YKR009C/YMR208W/YGL142C/YMR272C/YCL052C/YHR205W/YNR016C/YPL206C/YBR029C/YPL110C/YGL012W/YGL144C/YIL009W/YHR123W/YMR202W/YKL008C/YOR363C/YGR149W/YJR066W/YGR143W/YLR450W/YLR100W/YOR100C/YKR031C/YOR093C/YJR019C/YIR033W/YCR017C/YNL130C/YGL139W/YCR048W/YHR046C/YHR072W/YER043C/YKR070W/YPL231W/YPL028W/YDR123C/YPR147C/YNR043W/YPL006W/YGL205W/YKL182W/YGR036C/YJL196C/YLR056W/YGL001C/YHR007C/YGR175C/YGR157W/YNL111C/YGR060W/YML075C/YHR067W/YOL002C/YMR246W/YCR068W/YMR015C/YPL095C/YGL055W
GO:0006412,translation,463,0.4117038614536104,1.8593850919958854,2.8266698524132615e-10,1.5857617872038396e-7,1.3280389236425814e-7,1730,"tags=45%, list=29%, signal=35%",YNCL0027W/YKL138C/YDR432W/YDR405W/YNL007C/YML009C/YDL184C/YNR022C/YBR101C/YGR169C-A/YNCL0018W/YOR182C/YMR188C/YLR439W/YNL014W/YML129C/YJR094W-A/YFR032C-A/YLR262C-A/YMR194W/YDL202W/YML091C/YMR193W/YER131W/YKL204W/YDL045W-A/YOL027C/YGR076C/YLR204W/YJL102W/YPL009C/YER050C/YLR388W/YJR014W/YBR120C/YPR043W/YPL013C/YJR047C/YLR192C/YFR001W/YJL136C/YJL096W/YGR148C/YBL038W/YGR285C/YGL222C/YDL133C-A/YMR121C/YLR287C-A/YCR071C/YMR286W/YNL122C/YCR003W/YDL213C/YJL189W/YDL075W/YPR166C/YGR215W/YMR158W/YGL147C/YBR282W/YDR500C/YBR268W/YDR447C/YNCL0014C/YDR515W/YHR015W/YPR129W/YKR085C/YJR113C/YHL034C/YJL190C/YPL118W/YOR158W/YNL252C/YAL005C/YLR325C/YOL114C/YJL140W/YPR100W/YPL237W/YJL062W-A/YJL063C/YNR037C/YLR185W/YGR084C/YDR429C/YMR230W/YDL130W/YPL249C-A/YIL052C/YPL048W/YBR189W/YGR083C/YLR167W/YBR122C/YLL018C/YER056C-A/YHR038W/YNL081C/YHR059W/YNL255C/YGL189C/YMR225C/YKL003C/YHR010W/YNL244C/YIL051C/YDR462W/YDL136W/YGR185C/YNL185C/YLR312W-A/YDR116C/YNL001W/YLR061W/YDR237W/YJR101W/YKL170W/YDL081C/YCR046C/YDR337W/YKR023W/YDL191W/YOR187W/YDR041W/YGL173C/YDR179C/YDR194C/YOR167C/YGR085C/YER074W/YNL175C/YDR197W/YDR336W/YPL184C/YOL039W/YLR203C/YMR097C/YNCL0012C/YHR141C/YFL023W/YKR094C/YJL131C/YGL073W/YPL173W/YOL121C/YDR115W/YNL091W/YHR147C/YDR382W/YDR477W/YGL049C/YPR132W/YAL035W/YGL031C/YGL110C/YGR222W/YBR251W/YDR494W/YKL006W/YNL302C/YLR075W/YLR264W/YLR344W/YGR027C/YBL032W/YOR293W/YLR027C/YBR185C/YFR031C-A/YGL068W/YLR340W/YGR220C/YPR047W/YML025C/YNL284C/YDR064W/YDR471W/YMR143W/YEL050C/YBL092W/YNR036C/YNL016W/YER117W/YLL013C/YPL183W-A/YNL301C/YDL061C/YER176W/YPR041W/YOL120C/YPL079W/YHL015W/YDL083C/YOR369C/YMR260C/YGR102C/YJR007W/YIL137C/YGR072W/YLR069C/YBL090W/YNR045W/YHR011W/YNL005C/YNL096C/YDR025W/YKR057W/YDR152W
GO:0008610,lipid biosynthetic process,234,-0.4606312528365784,-2.108527455645692,1.401968943807996e-9,5.898784331072143e-7,4.940095830944491e-7,1196,"tags=41%, list=20%, signal=34%",YJL062W/YHL020C/YBL039C/YDR072C/YHR190W/YOR221C/YLR305C/YDR017C/YPL076W/YER125W/YHL003C/YNL054W/YDR437W/YBR026C/YLR386W/YDR434W/YJL153C/YDR287W/YIL039W/YDR147W/YPL031C/YPL221W/YPL175W/YGR046W/YLR088W/YLR228C/YIL002C/YML126C/YBR265W/YOR149C/YMR220W/YFL025C/YLR459W/YBR042C/YLL031C/YOR109W/YLR240W/YGR038W/YER061C/YNL169C/YLR133W/YLR347C/YNL264C/YOR171C/YCR044C/YAL053W/YNL280C/YDL015C/YMR207C/YKL055C/YMR013C/YAL009W/YMR208W/YGL142C/YMR272C/YCL052C/YHR205W/YNR016C/YBR029C/YGL012W/YHR123W/YMR202W/YKL008C/YGR149W/YJR066W/YGR143W/YLR450W/YLR100W/YKR031C/YIR033W/YCR017C/YNL130C/YGL139W/YHR046C/YHR072W/YER043C/YKR070W/YPL231W/YPL028W/YDR123C/YNR043W/YKL182W/YGR036C/YJL196C/YLR056W/YGL001C/YHR007C/YGR175C/YGR157W/YNL111C/YGR060W/YML075C/YHR067W/YMR015C/YPL095C/YGL055W
GO:0007005,mitochondrion organization,205,0.5002010475107195,2.0740190324660808,1.9760831237375183e-9,6.651495794500487e-7,5.57047432144113e-7,1400,"tags=44%, list=24%, signal=35%",YDL059C/YLL009C/YDR258C/YJR120W/YDR529C/YHL021C/YLR218C/YML081C-A/YDR379C-A/YDR079W/YIR024C/YPL189C-A/YMR002W/YEL020W-A/YHR005C-A/YFR004W/YOR045W/YML129C/YIL065C/YDR511W/YLR099W-A/YFL016C/YCL057C-A/YML091C/YNL070W/YDR512C/YOL027C/YEL059C-A/YKR016W/YJL102W/YKL137W/YBR269C/YDR322C-A/YJR034W/YBR120C/YDR231C/YDR296W/YFR011C/YBL059C-A/YNL055C/YJR135W-A/YER154W/YBR091C/YIL098C/YLR295C/YPL063W/YIR021W/YBR024W/YBR262C/YNL121C/YPR100W/YPR133W-A/YER058W/YJL062W-A/YPR020W/YLR259C/YGR181W/YDR219C/YKL053C-A/YDR493W/YMR072W/YPL098C/YLR059C/YGL219C/YDL126C/YGL191W/YEL012W/YNL138W/YIL156W-B/YMR244C-A/YLR168C/YML030W/YMR012W/YLR203C/YDR381C-A/YOR228C/YPR140W/YJR144W/YJR080C/YGR235C/YLR038C/YJR118C/YJL127C-B/YJL180C/YDR393W/YOL026C/YFL046W/YMR302C/YBR185C/YLL001W/YNR018W
GO:0009132,nucleoside diphosphate metabolic process,38,-0.7611899636489712,-2.5600975352539845,3.2966616761625914e-9,6.935352001227051e-7,5.808197347870671e-7,545,"tags=53%, list=9%, signal=48%",YER005W/YGR240C/YDR050C/YJR009C/YDL021W/YOR347C/YBR196C/YLR446W/YGR254W/YOL056W/YKL152C/YOR344C/YPL075W/YKL060C/YOL136C/YAL038W/YGL253W/YHR174W/YCR012W/YJL052W
GO:0046434,organophosphate catabolic process,63,-0.6718172791389719,-2.493225287290427,3.2052641581946184e-9,6.935352001227051e-7,5.808197347870671e-7,545,"tags=44%, list=9%, signal=41%",YER005W/YGR240C/YDR050C/YJR009C/YBR242W/YPL206C/YDL021W/YPL110C/YOR347C/YBR196C/YGL101W/YLR446W/YKR031C/YHR046C/YGR254W/YOL056W/YKL152C/YOR344C/YHR202W/YPL075W/YKL060C/YOL136C/YAL038W/YCR068W/YGL253W/YHR174W/YCR012W/YJL052W
GO:0032787,monocarboxylic acid metabolic process,174,-0.5029403384539521,-2.203348092747014,3.0436361803140693e-9,6.935352001227051e-7,5.808197347870671e-7,832,"tags=36%, list=14%, signal=32%",YOR040W/YBR006W/YOR388C/YHR063C/YDR539W/YEL020C/YER061C/YGR256W/YPR128C/YER010C/YDL015C/YMR207C/YGR240C/YKL055C/YDR050C/YJR009C/YKR009C/YIR023W/YMR272C/YNR016C/YDL021W/YIL009W/YML054C/YOR363C/YOR347C/YBR196C/YLR044C/YLR446W/YOR100C/YLR153C/YJR019C/YIR033W/YGR254W/YOL056W/YKL152C/YOR344C/YOR391C/YPL231W/YPL075W/YKL060C/YLR134W/YGL205W/YKL182W/YOL136C/YHR183W/YJL196C/YIR031C/YAL038W/YMR170C/YCL018W/YHR067W/YLR231C/YOL002C/YMR246W/YGL253W/YFR055W/YHR174W/YPL095C/YCR012W/YGL055W/YJL052W/YPL280W/YEL071W
GO:0072523,purine-containing compound catabolic process,46,-0.7268527825059808,-2.528407309448449,3.90182586689181e-9,7.296414371087684e-7,6.110578755284367e-7,540,"tags=52%, list=9%, signal=48%",YGR240C/YDR050C/YJR009C/YDL021W/YOR347C/YBR196C/YLR446W/YER043C/YGR254W/YOL056W/YKL152C/YOR344C/YHR202W/YPL075W/YKL060C/YOL136C/YIR027C/YNL141W/YDL238C/YAL038W/YGL253W/YHR174W/YCR012W/YJL052W
GO:0019364,pyridine nucleotide catabolic process,32,-0.7869078190144972,-2.530013438559666,5.682186892657011e-9,9.56312054034175e-7,8.00889289396604e-7,540,"tags=62%, list=9%, signal=57%",YGR240C/YDR050C/YJR009C/YDL021W/YOR347C/YBR196C/YLR446W/YGR254W/YOL056W/YKL152C/YOR344C/YHR202W/YPL075W/YKL060C/YOL136C/YAL038W/YGL253W/YHR174W/YCR012W/YJL052W
GO:0006793,phosphorus metabolic process,494,-0.3547467580640926,-1.7609891794110104,6.320796126132983e-9,9.670818072983464e-7,8.099087093676616e-7,1436,"tags=38%, list=24%, signal=32%",YFR047C/YOR175C/YJL198W/YLR354C/YDR481C/YMR323W/YNL158W/YLR420W/YMR095C/YOR163W/YBR093C/YNL106C/YNL032W/YNR047W/YDR319C/YJR156C/YOR311C/YDR428C/YDR020C/YMR008C/YGR007W/YDR520C/YBR221C/YGR061C/YGR192C/YNL128W/YLR359W/YCL004W/YJR133W/YPL019C/YJL062W/YHL020C/YNL333W/YBL039C/YEL058W/YDR072C/YHR190W/YOL059W/YLR305C/YDR017C/YPL076W/YDR103W/YER125W/YNL054W/YDR437W/YOR336W/YLR386W/YFL004W/YDR434W/YJL153C/YDR109C/YDR287W/YIL039W/YDR147W/YPL031C/YBL056W/YNL009W/YGR244C/YAR015W/YDR399W/YMR096W/YOR270C/YPL175W/YJR051W/YOR393W/YPR021C/YGR046W/YBR145W/YOL065C/YLR088W/YIL002C/YML126C/YMR120C/YER099C/YMR205C/YOR149C/YMR315W/YMR220W/YFL025C/YOR371C/YLR459W/YDR284C/YDR400W/YEL041W/YLR410W/YBR042C/YLL031C/YDL073W/YOR109W/YLR240W/YBR127C/YHR074W/YPL103C/YNL087W/YNL169C/YLR133W/YLR347C/YNL264C/YMR271C/YGR256W/YDR315C/YOR090C/YCR044C/YHL011C/YCL047C/YGR123C/YGR010W/YJL012C/YEL029C/YMR207C/YER005W/YKL212W/YGR240C/YGR233C/YOL055C/YMR013C/YDR050C/YPR073C/YJR009C/YAL009W/YMR208W/YGL142C/YMR272C/YCL052C/YNR016C/YPL150W/YBR242W/YPL206C/YDL085W/YBR029C/YDL021W/YPL110C/YML070W/YJR105W/YIL009W/YOL061W/YJR078W/YHR123W/YCR037C/YGR149W/YJR066W/YOR347C/YLR014C/YBR196C/YGL101W/YLR450W/YLR446W/YKR031C/YLR153C/YJR019C/YCR017C/YOR283W/YKL181W/YNL130C/YHR046C/YML051W/YER043C/YGR254W/YNR012W/YOL056W/YKR070W/YOL086C/YKL152C/YOR344C/YAL040C/YHR202W/YDR123C/YCR026C/YNR043W/YPL075W/YDR089W/YKL060C/YGR052W/YNL129W/YOL136C/YHR183W/YNL141W/YGR157W/YMR303C/YAL038W/YML075C/YLR231C/YMR246W/YCR068W/YGL253W/YHR174W/YJL116C/YFL053W/YCR012W/YJL052W
GO:0009185,ribonucleoside diphosphate metabolic process,35,-0.7764225589777651,-2.562739621198629,8.100004035582652e-9,9.998440704604244e-7,8.373463491550227e-7,545,"tags=57%, list=9%, signal=52%",YER005W/YGR240C/YDR050C/YJR009C/YDL021W/YOR347C/YBR196C/YLR446W/YGR254W/YOL056W/YKL152C/YOR344C/YPL075W/YKL060C/YOL136C/YAL038W/YGL253W/YHR174W/YCR012W/YJL052W
GO:0009191,ribonucleoside diphosphate catabolic process,31,-0.7913704563658068,-2.535634608610092,9.549860896975629e-9,9.998440704604244e-7,8.373463491550227e-7,545,"tags=65%, list=9%, signal=59%",YER005W/YGR240C/YDR050C/YJR009C/YDL021W/YOR347C/YBR196C/YLR446W/YGR254W/YOL056W/YKL152C/YOR344C/YPL075W/YKL060C/YOL136C/YAL038W/YGL253W/YHR174W/YCR012W/YJL052W
GO:0009261,ribonucleotide catabolic process,33,-0.7777891967773439,-2.531031805444461,8.99965762018196e-9,9.998440704604244e-7,8.373463491550227e-7,545,"tags=61%, list=9%, signal=55%",YER005W/YGR240C/YDR050C/YJR009C/YDL021W/YOR347C/YBR196C/YLR446W/YGR254W/YOL056W/YKL152C/YOR344C/YPL075W/YKL060C/YOL136C/YAL038W/YGL253W/YHR174W/YCR012W/YJL052W
GO:0009134,nucleoside diphosphate catabolic process,32,-0.7821397309540755,-2.5146834004311716,9.400576090306897e-9,9.998440704604244e-7,8.373463491550227e-7,545,"tags=62%, list=9%, signal=57%",YER005W/YGR240C/YDR050C/YJR009C/YDL021W/YOR347C/YBR196C/YLR446W/YGR254W/YOL056W/YKL152C/YOR344C/YPL075W/YKL060C/YOL136C/YAL038W/YGL253W/YHR174W/YCR012W/YJL052W
GO:0006096,glycolytic process,30,-0.7890945716866817,-2.500132029342176,1.1881688300183295e-8,9.998440704604244e-7,8.373463491550227e-7,540,"tags=63%, list=9%, signal=58%",YGR240C/YDR050C/YJR009C/YDL021W/YOR347C/YBR196C/YLR446W/YGR254W/YOL056W/YKL152C/YOR344C/YPL075W/YKL060C/YOL136C/YAL038W/YGL253W/YHR174W/YCR012W/YJL052W
GO:0009137,purine nucleoside diphosphate catabolic process,30,-0.7890945716866817,-2.500132029342176,1.1881688300183295e-8,9.998440704604244e-7,8.373463491550227e-7,540,"tags=63%, list=9%, signal=58%",YGR240C/YDR050C/YJR009C/YDL021W/YOR347C/YBR196C/YLR446W/YGR254W/YOL056W/YKL152C/YOR344C/YPL075W/YKL060C/YOL136C/YAL038W/YGL253W/YHR174W/YCR012W/YJL052W
GO:0009181,purine ribonucleoside diphosphate catabolic process,30,-0.7890945716866817,-2.500132029342176,1.1881688300183295e-8,9.998440704604244e-7,8.373463491550227e-7,540,"tags=63%, list=9%, signal=58%",YGR240C/YDR050C/YJR009C/YDL021W/YOR347C/YBR196C/YLR446W/YGR254W/YOL056W/YKL152C/YOR344C/YPL075W/YKL060C/YOL136C/YAL038W/YGL253W/YHR174W/YCR012W/YJL052W
GO:0046032,ADP catabolic process,30,-0.7890945716866817,-2.500132029342176,1.1881688300183295e-8,9.998440704604244e-7,8.373463491550227e-7,540,"tags=63%, list=9%, signal=58%",YGR240C/YDR050C/YJR009C/YDL021W/YOR347C/YBR196C/YLR446W/YGR254W/YOL056W/YKL152C/YOR344C/YPL075W/YKL060C/YOL136C/YAL038W/YGL253W/YHR174W/YCR012W/YJL052W
GO:1901292,nucleoside phosphate catabolic process,47,-0.7078125269148855,-2.486912737184577,1.061488229744015e-8,9.998440704604244e-7,8.373463491550227e-7,545,"tags=49%, list=9%, signal=45%",YER005W/YGR240C/YDR050C/YJR009C/YBR242W/YDL021W/YOR347C/YBR196C/YGL101W/YLR446W/YGR254W/YOL056W/YKL152C/YOR344C/YHR202W/YPL075W/YKL060C/YOL136C/YAL038W/YGL253W/YHR174W/YCR012W/YJL052W
GO:0009135,purine nucleoside diphosphate metabolic process,33,-0.775453119258557,-2.5234298915524556,1.4321085100206096e-8,1.0955630101657663e-6,9.175087535490891e-7,540,"tags=58%, list=9%, signal=53%",YGR240C/YDR050C/YJR009C/YDL021W/YOR347C/YBR196C/YLR446W/YGR254W/YOL056W/YKL152C/YOR344C/YPL075W/YKL060C/YOL136C/YAL038W/YGL253W/YHR174W/YCR012W/YJL052W
GO:0009179,purine ribonucleoside diphosphate metabolic process,33,-0.775453119258557,-2.5234298915524556,1.4321085100206096e-8,1.0955630101657663e-6,9.175087535490891e-7,540,"tags=58%, list=9%, signal=53%",YGR240C/YDR050C/YJR009C/YDL021W/YOR347C/YBR196C/YLR446W/YGR254W/YOL056W/YKL152C/YOR344C/YPL075W/YKL060C/YOL136C/YAL038W/YGL253W/YHR174W/YCR012W/YJL052W
GO:0046031,ADP metabolic process,32,-0.7755209982286608,-2.493403293235763,1.7332544893831985e-8,1.268290132883445e-6,1.0621637351414658e-6,540,"tags=59%, list=9%, signal=54%",YGR240C/YDR050C/YJR009C/YDL021W/YOR347C/YBR196C/YLR446W/YGR254W/YOL056W/YKL152C/YOR344C/YPL075W/YKL060C/YOL136C/YAL038W/YGL253W/YHR174W/YCR012W/YJL052W
GO:0009154,purine ribonucleotide catabolic process,32,-0.7752268055821592,-2.4924574246966666,1.8581704662349016e-8,1.3030420394472247e-6,1.0912676553897075e-6,540,"tags=59%, list=9%, signal=54%",YGR240C/YDR050C/YJR009C/YDL021W/YOR347C/YBR196C/YLR446W/YGR254W/YOL056W/YKL152C/YOR344C/YPL075W/YKL060C/YOL136C/YAL038W/YGL253W/YHR174W/YCR012W/YJL052W
GO:0006796,phosphate-containing compound metabolic process,481,-0.3501013337824689,-1.7338339574529429,2.5190201055263242e-8,1.6958043350403214e-6,1.4201970194946309e-6,1436,"tags=38%, list=24%, signal=31%",YFR047C/YOR175C/YLR354C/YDR481C/YMR323W/YNL158W/YLR420W/YMR095C/YOR163W/YBR093C/YNL106C/YNL032W/YNR047W/YDR319C/YJR156C/YOR311C/YDR428C/YDR020C/YMR008C/YGR007W/YDR520C/YBR221C/YGR061C/YGR192C/YNL128W/YLR359W/YCL004W/YJR133W/YJL062W/YHL020C/YNL333W/YBL039C/YEL058W/YDR072C/YHR190W/YOL059W/YLR305C/YDR017C/YPL076W/YDR103W/YER125W/YNL054W/YDR437W/YOR336W/YLR386W/YDR434W/YJL153C/YDR109C/YDR287W/YIL039W/YDR147W/YPL031C/YBL056W/YNL009W/YGR244C/YAR015W/YDR399W/YMR096W/YPL175W/YJR051W/YOR393W/YPR021C/YGR046W/YBR145W/YOL065C/YLR088W/YIL002C/YML126C/YMR120C/YER099C/YMR205C/YOR149C/YMR315W/YMR220W/YFL025C/YOR371C/YLR459W/YDR284C/YDR400W/YEL041W/YLR410W/YBR042C/YLL031C/YDL073W/YOR109W/YLR240W/YBR127C/YHR074W/YPL103C/YNL087W/YNL169C/YLR133W/YLR347C/YNL264C/YMR271C/YGR256W/YDR315C/YOR090C/YCR044C/YHL011C/YCL047C/YGR123C/YGR010W/YEL029C/YMR207C/YER005W/YKL212W/YGR240C/YGR233C/YOL055C/YMR013C/YDR050C/YPR073C/YJR009C/YAL009W/YMR208W/YGL142C/YMR272C/YCL052C/YNR016C/YPL150W/YBR242W/YPL206C/YDL085W/YBR029C/YDL021W/YPL110C/YML070W/YJR105W/YIL009W/YOL061W/YJR078W/YHR123W/YGR149W/YJR066W/YOR347C/YLR014C/YBR196C/YGL101W/YLR450W/YLR446W/YKR031C/YLR153C/YJR019C/YCR017C/YOR283W/YKL181W/YNL130C/YHR046C/YML051W/YER043C/YGR254W/YNR012W/YOL056W/YKR070W/YOL086C/YKL152C/YOR344C/YAL040C/YHR202W/YDR123C/YCR026C/YNR043W/YPL075W/YKL060C/YGR052W/YNL129W/YOL136C/YHR183W/YNL141W/YGR157W/YMR303C/YAL038W/YML075C/YLR231C/YMR246W/YCR068W/YGL253W/YHR174W/YJL116C/YFL053W/YCR012W/YJL052W
GO:0019637,organophosphate metabolic process,418,-0.36817598815005603,-1.8020536612993863,2.9132232318714398e-8,1.8857518073998588e-6,1.5792736467513595e-6,1474,"tags=40%, list=25%, signal=33%",YIL083C/YJR013W/YKR043C/YJL005W/YFR047C/YOR175C/YLR354C/YDR481C/YMR323W/YNL158W/YLR420W/YMR095C/YOR163W/YNL106C/YNL032W/YDR319C/YJR156C/YOR311C/YDR428C/YDR020C/YMR008C/YGR007W/YDR520C/YBR221C/YGR061C/YGR192C/YNL128W/YLR359W/YCL004W/YJR133W/YJL062W/YHL020C/YNL333W/YBL039C/YEL058W/YDR072C/YHR190W/YOL059W/YLR305C/YDR017C/YPL076W/YNL054W/YDR437W/YOR336W/YLR386W/YDR434W/YJL153C/YDR287W/YIL039W/YDR147W/YPL031C/YNL009W/YGR244C/YAR015W/YDR399W/YMR096W/YPL175W/YJR051W/YOR393W/YPR021C/YGR046W/YBR145W/YOL065C/YLR088W/YIL002C/YML126C/YMR120C/YER099C/YMR205C/YOR149C/YMR315W/YMR220W/YFL025C/YLR459W/YDR284C/YDR400W/YEL041W/YLR410W/YBR042C/YLL031C/YOR109W/YLR240W/YBR127C/YHR074W/YPL103C/YNL087W/YNL169C/YLR133W/YLR347C/YNL264C/YMR271C/YGR256W/YDR315C/YCR044C/YHL011C/YCL047C/YGR010W/YEL029C/YMR207C/YER005W/YKL212W/YGR240C/YOL055C/YMR013C/YDR050C/YJR009C/YAL009W/YMR208W/YGL142C/YMR272C/YCL052C/YNR016C/YBR242W/YPL206C/YDL085W/YBR029C/YDL021W/YPL110C/YML070W/YJR105W/YIL009W/YOL061W/YJR078W/YHR123W/YGR149W/YOR347C/YLR014C/YBR196C/YGL101W/YLR450W/YLR446W/YKR031C/YLR153C/YJR019C/YCR017C/YKL181W/YNL130C/YHR046C/YER043C/YGR254W/YNR012W/YOL056W/YKR070W/YOL086C/YKL152C/YOR344C/YHR202W/YDR123C/YCR026C/YNR043W/YPL075W/YKL060C/YNL129W/YOL136C/YHR183W/YNL141W/YGR157W/YMR303C/YAL038W/YML075C/YLR231C/YMR246W/YCR068W/YGL253W/YHR174W/YJL116C/YFL053W/YCR012W/YJL052W
GO:0009166,nucleotide catabolic process,39,-0.7369102423751749,-2.4799142508469734,3.192152858948009e-8,1.9897752820775924e-6,1.6663909076535609e-6,545,"tags=54%, list=9%, signal=49%",YER005W/YGR240C/YDR050C/YJR009C/YDL021W/YOR347C/YBR196C/YLR446W/YGR254W/YOL056W/YKL152C/YOR344C/YHR202W/YPL075W/YKL060C/YOL136C/YAL038W/YGL253W/YHR174W/YCR012W/YJL052W
GO:0006195,purine nucleotide catabolic process,35,-0.7537736567897411,-2.4879823407168242,6.004041281148966e-8,3.6088576700620387e-6,3.022335065961829e-6,540,"tags=57%, list=9%, signal=52%",YGR240C/YDR050C/YJR009C/YDL021W/YOR347C/YBR196C/YLR446W/YGR254W/YOL056W/YKL152C/YOR344C/YHR202W/YPL075W/YKL060C/YOL136C/YAL038W/YGL253W/YHR174W/YCR012W/YJL052W
GO:0072521,purine-containing compound metabolic process,186,-0.4517621487169302,-1.98629867588397,1.6817788919266035e-7,9.760116810732668e-6,8.173872727004436e-6,991,"tags=37%, list=17%, signal=32%",YNL009W/YGR244C/YAR015W/YDR399W/YOR393W/YPR021C/YBR145W/YML126C/YMR120C/YER099C/YMR205C/YMR315W/YMR220W/YDR400W/YEL041W/YBR127C/YHR074W/YGR256W/YHL011C/YCL047C/YGR010W/YMR207C/YGR240C/YDR050C/YPL273W/YJR009C/YMR208W/YNR016C/YDL085W/YDL021W/YJR105W/YIL009W/YOL061W/YJR078W/YOR347C/YBR196C/YLR450W/YLR446W/YLR153C/YJR019C/YKL181W/YER043C/YGR254W/YOL056W/YOL086C/YIR028W/YKL152C/YOR344C/YHR202W/YNR043W/YPL075W/YKL060C/YNL129W/YOL136C/YHR183W/YIR027C/YNL141W/YMR303C/YIR031C/YDL238C/YAL038W/YML075C/YLR231C/YMR246W/YGL253W/YHR174W/YJL116C/YCR012W/YJL052W
GO:0140053,mitochondrial gene expression,166,0.4955319185365449,1.995791488201773,2.328610649314816e-7,1.3063505742656118e-5,1.0940384769938733e-5,1443,"tags=47%, list=25%, signal=36%",YKL138C/YMR030W/YDR405W/YML009C/YNR022C/YMR188C/YLR439W/YML129C/YDL202W/YML091C/YMR193W/YDL045W-A/YOL027C/YGR076C/YLR204W/YJL102W/YER050C/YBR120C/YPL013C/YJL096W/YBL038W/YCR071C/YMR286W/YNL122C/YCR003W/YPR166C/YGR215W/YMR158W/YBR282W/YIR021W/YBR268W/YKR085C/YJR113C/YPL118W/YOR158W/YNL252C/YOL114C/YPR100W/YJL062W-A/YJL063C/YNR037C/YGR084C/YBR122C/YHR038W/YNL081C/YHR059W/YMR225C/YKL003C/YIL051C/YDR462W/YNL185C/YLR312W-A/YDR116C/YDR237W/YJR101W/YKL170W/YCR046C/YDR337W/YOR187W/YDR041W/YDR194C/YDR197W/YDR336W/YLR203C/YMR097C/YJL131C/YPL173W/YDR115W/YHR147C/YGR222W/YBR251W/YDR494W/YBR185C/YGL068W/YGR220C/YPR047W/YML025C/YNL284C
GO:0033108,mitochondrial respiratory chain complex assembly,60,0.6394819337539318,2.189176065792345,2.937052240417642e-7,1.594535135684804e-5,1.3353864006516888e-5,1400,"tags=58%, list=24%, signal=45%",YLL009C/YDR529C/YLR218C/YML081C-A/YDR379C-A/YDR079W/YIR024C/YPL189C-A/YML129C/YDR511W/YEL059C-A/YKL137W/YBR269C/YJR034W/YBR120C/YDR231C/YBL059C-A/YER154W/YIL098C/YLR295C/YBR024W/YER058W/YJL062W-A/YKL053C-A/YDR493W/YGL191W/YMR244C-A/YML030W/YLR203C/YDR381C-A/YPR140W/YLR038C/YJL180C/YFL046W/YNR018W
GO:0072526,pyridine-containing compound catabolic process,34,-0.7367174003140268,-2.41382501460325,3.800770482888463e-7,1.9989677258441512e-5,1.67408936729857e-5,540,"tags=59%, list=9%, signal=54%",YGR240C/YDR050C/YJR009C/YDL021W/YOR347C/YBR196C/YLR446W/YGR254W/YOL056W/YKL152C/YOR344C/YHR202W/YPL075W/YKL060C/YOL136C/YAL038W/YGL253W/YHR174W/YCR012W/YJL052W
GO:0055085,transmembrane transport,461,-0.33721588454674584,-1.6635558583109755,6.403157546433253e-7,3.265610348680959e-5,2.734873350773246e-5,881,"tags=29%, list=15%, signal=26%",YHR160C/YOR137C/YPR198W/YLL015W/YOL092W/YOR092W/YLR241W/YLR411W/YGL255W/YIL114C/YBL042C/YNL291C/YBR132C/YEL027W/YBR127C/YOR079C/YPR011C/YPR058W/YJR124C/YIL006W/YAL022C/YHR096C/YNL329C/YIL121W/YCR075C/YGR121C/YDL183C/YHL040C/YHR002W/YDL206W/YAL053W/YMR058W/YLR188W/YPR156C/YKR103W/YBR021W/YPR128C/YPL036W/YNR055C/YIL088C/YOR328W/YMR279C/YPL026C/YGR217W/YJL108C/YIL090W/YKL084W/YHR175W/YBR220C/YCR023C/YOL075C/YCR011C/YBR043C/YDR270W/YGR191W/YEL006W/YOL044W/YLR237W/YML116W/YDR406W/YKL120W/YPR124W/YHR092C/YCR037C/YKR105C/YGL077C/YER060W/YGL254W/YBR235W/YBR295W/YKR104W/YOL137W/YDR352W/YGR138C/YDL138W/YPR201W/YOR100C/YPR115W/YGR257C/YDR338C/YJR106W/YOL130W/YOR306C/YGL139W/YCL038C/YLR447C/YCR098C/YGR260W/YEL063C/YMR155W/YDR119W/YKL197C/YFL050C/YEL064C/YOR161C/YKR093W/YOR011W/YGL008C/YPL265W/YIR028W/YER039C/YIL166C/YHL028W/YCR028C/YKR039W/YHL016C/YEL065W/YGR125W/YNL065W/YLR152C/YDR345C/YER056C/YMR221C/YOR348C/YLR004C/YOR390W/YNL101W/YPL274W/YJL193W/YPR194C/YNL142W/YGL253W/YMR319C/YDL210W/YOL126C/YJR152W/YMR088C/YOR273C/YHR094C/YJL212C/YFL055W/YFL054C
GO:0006090,pyruvate metabolic process,46,-0.6716768051936464,-2.336473884000882,9.75726811874259e-7,4.8298477187775816e-5,4.044886071515891e-5,540,"tags=50%, list=9%, signal=46%",YGR240C/YDR050C/YJR009C/YDL021W/YOR347C/YBR196C/YLR044C/YLR446W/YLR153C/YGR254W/YOL056W/YKL152C/YOR344C/YPL075W/YKL060C/YLR134W/YOL136C/YAL038W/YGL253W/YFR055W/YHR174W/YCR012W/YJL052W
GO:0043436,oxoacid metabolic process,369,-0.34961027028510816,-1.6843254005846675,1.4767351610770204e-6,7.100986503121788e-5,5.946912423104151e-5,832,"tags=26%, list=14%, signal=24%",YOR040W/YBR006W/YEL066W/YHR208W/YOR388C/YHR063C/YDR539W/YPR118W/YNL256W/YML099C/YEL020C/YML076C/YER061C/YGR256W/YLL058W/YPR128C/YJL012C/YER010C/YGL196W/YEL046C/YDL015C/YJR148W/YMR207C/YHR037W/YGR240C/YKL055C/YER040W/YDR050C/YPL273W/YJR009C/YKR009C/YIR023W/YLR351C/YMR272C/YHR205W/YNR016C/YIL020C/YDL021W/YIL009W/YKL106W/YML054C/YJR078W/YNL239W/YCR037C/YJR024C/YOR363C/YGL009C/YOR347C/YBR196C/YLR044C/YLR446W/YOR100C/YLR153C/YJR019C/YIR033W/YLR142W/YER043C/YGR254W/YOL056W/YKL152C/YOR344C/YOR391C/YPL231W/YPL075W/YDR089W/YKL060C/YLR134W/YGL205W/YCR005C/YKL182W/YOL136C/YHR183W/YJL196C/YKR034W/YIR031C/YAL038W/YMR170C/YPR035W/YCL018W/YHR067W/YCL064C/YLR231C/YOL002C/YMR246W/YGL253W/YOL126C/YFR055W/YHR174W/YPL095C/YCR012W/YGL055W/YGR087C/YJL052W/YPL280W/YEL071W
GO:0055086,nucleobase-containing small molecule metabolic process,256,-0.39336566874792633,-1.8279742300314223,1.842394630173554e-6,8.613194896061365e-5,7.2133520754455815e-05,991,"tags=30%, list=17%, signal=26%",YNL009W/YGR244C/YAR015W/YDR399W/YJR051W/YOR393W/YPR021C/YBR145W/YML126C/YMR120C/YER099C/YMR205C/YMR315W/YMR220W/YDR400W/YEL041W/YBR127C/YHR074W/YMR271C/YGR256W/YHL011C/YCL047C/YGR010W/YMR207C/YER005W/YGR240C/YDR050C/YPL273W/YJR009C/YMR208W/YNR016C/YBR242W/YDL085W/YDL021W/YJR105W/YIL009W/YOL061W/YJR078W/YOR347C/YLR014C/YBR196C/YGL101W/YLR450W/YLR446W/YLR153C/YJR019C/YKL181W/YER043C/YGR254W/YNR012W/YOL056W/YOL086C/YIR028W/YKL152C/YOR344C/YHR202W/YCR026C/YNR043W/YPL075W/YKL060C/YNL129W/YOL136C/YHR183W/YIR027C/YNL141W/YMR303C/YIR031C/YDL238C/YAL038W/YML075C/YLR231C/YMR246W/YGL253W/YHR174W/YOR047C/YJL116C/YCR012W/YJL052W
GO:1901136,carbohydrate derivative catabolic process,56,-0.617261209794443,-2.229431228914662,1.9745220507208124e-6,8.98140705773818e-5,7.521721268606453e-5,545,"tags=38%, list=9%, signal=34%",YER005W/YGR240C/YDR050C/YJR009C/YDL021W/YOR347C/YBR196C/YLR446W/YER043C/YGR254W/YOL056W/YKL152C/YOR344C/YPL075W/YKL060C/YOL136C/YAL038W/YGL253W/YHR174W/YCR012W/YJL052W
GO:0002181,cytoplasmic translation,172,0.46988513837823276,1.8973041050657637,2.2848193577497046e-6,1.0119344681823034e-4,8.474717784007907e-5,1663,"tags=45%, list=28%, signal=33%",YNCL0027W/YDL184C/YGR169C-A/YNCL0018W/YOR182C/YJR094W-A/YFR032C-A/YLR262C-A/YMR194W/YML091C/YER131W/YPL009C/YLR388W/YJR014W/YPR043W/YLR192C/YGR148C/YDL133C-A/YMR121C/YLR287C-A/YDL213C/YJL189W/YDL075W/YGL147C/YDR500C/YDR447C/YNCL0014C/YJL190C/YAL005C/YLR325C/YPL237W/YLR185W/YDR429C/YMR230W/YDL130W/YPL249C-A/YIL052C/YER056C-A/YNL255C/YGL189C/YHR010W/YNL244C/YDL136W/YLR061W/YDL081C/YDL191W/YDR179C/YGR085C/YER074W/YNL175C/YOL039W/YHR141C/YFL023W/YKR094C/YDR382W/YGL049C/YAL035W/YGL031C/YKL006W/YLR075W/YLR264W/YLR344W/YGR027C/YOR293W/YFR031C-A/YLR340W/YDR471W/YBL092W/YER117W/YNL301C/YDL061C/YPR041W/YOL120C/YPL079W/YMR260C/YJR007W/YIL137C
GO:0006082,organic acid metabolic process,371,-0.34782906431365346,-1.6841700354075888,3.1391186793308407e-6,1.3546504454650782e-4,1.1344885051616724e-4,885,"tags=27%, list=15%, signal=24%",YNL202W/YMR205C/YIL046W/YMR220W/YOR040W/YBR006W/YEL066W/YHR208W/YOR388C/YHR063C/YDR539W/YPR118W/YNL256W/YML099C/YEL020C/YML076C/YER061C/YGR256W/YLL058W/YPR128C/YJL012C/YER010C/YGL196W/YEL046C/YDL015C/YJR148W/YMR207C/YHR037W/YGR240C/YKL055C/YER040W/YDR050C/YPL273W/YJR009C/YKR009C/YIR023W/YLR351C/YMR272C/YHR205W/YNR016C/YIL020C/YDL021W/YIL009W/YKL106W/YML054C/YJR078W/YNL239W/YCR037C/YJR024C/YOR363C/YGL009C/YOR347C/YBR196C/YLR044C/YLR446W/YOR100C/YLR153C/YJR019C/YIR033W/YLR142W/YER043C/YGR254W/YOL056W/YKL152C/YOR344C/YOR391C/YPL231W/YPL075W/YDR089W/YKL060C/YLR134W/YGL205W/YCR005C/YKL182W/YOL136C/YHR183W/YJL196C/YKR034W/YIR031C/YAL038W/YMR170C/YPR035W/YCL018W/YHR067W/YCL064C/YLR231C/YOL002C/YMR246W/YGL253W/YOL126C/YFR055W/YHR174W/YPL095C/YCR012W/YGL055W/YGR087C/YJL052W/YPL280W/YEL071W
GO:0006457,protein folding,136,0.47649804776390814,1.878742460718568,1.174586676057159e-5,4.8215350629370697e-4,4.037924413968e-4,1210,"tags=38%, list=21%, signal=31%",YGR142W/YER103W/YBR072W/YPL240C/YLL026W/YPL106C/YDR258C/YFL014W/YDR171W/YKL195W/YNL007C/YLR216C/YDR363W-A/YOR020C/YMR186W/YHR176W/YFR041C/YJL034W/YGR211W/YFL016C/YKL073W/YOR027W/YBR169C/YBR269C/YGR285C/YEL003W/YIL027C/YKL117W/YJR045C/YAL005C/YLR259C/YOR288C/YJL179W/YDR493W/YML028W/YDR155C/YNR028W/YOR232W/YLR200W/YML130C/YHR034C/YDR214W/YCL043C/YNL077W/YML078W/YGR078C/YNL135C/YNCL0012C/YLL024C/YFL023W/YPL225W/YPR158W
GO:0019752,carboxylic acid metabolic process,352,-0.34700840045707715,-1.6647385623269355,1.1716232105272567e-5,4.8215350629370697e-4,4.037924413968e-4,832,"tags=26%, list=14%, signal=23%",YOR040W/YBR006W/YEL066W/YHR208W/YOR388C/YHR063C/YDR539W/YPR118W/YNL256W/YML099C/YEL020C/YML076C/YER061C/YGR256W/YLL058W/YPR128C/YER010C/YGL196W/YEL046C/YDL015C/YJR148W/YMR207C/YHR037W/YGR240C/YKL055C/YDR050C/YPL273W/YJR009C/YKR009C/YIR023W/YLR351C/YMR272C/YHR205W/YNR016C/YIL020C/YDL021W/YIL009W/YKL106W/YML054C/YJR078W/YNL239W/YJR024C/YOR363C/YGL009C/YOR347C/YBR196C/YLR044C/YLR446W/YOR100C/YLR153C/YJR019C/YIR033W/YLR142W/YER043C/YGR254W/YOL056W/YKL152C/YOR344C/YOR391C/YPL231W/YPL075W/YKL060C/YLR134W/YGL205W/YCR005C/YKL182W/YOL136C/YHR183W/YJL196C/YIR031C/YAL038W/YMR170C/YPR035W/YCL018W/YHR067W/YCL064C/YLR231C/YOL002C/YMR246W/YGL253W/YOL126C/YFR055W/YHR174W/YPL095C/YCR012W/YGL055W/YGR087C/YJL052W/YPL280W/YEL071W
GO:0003333,amino acid transmembrane transport,49,-0.6074422150857631,-2.1562065676865263,1.3718712835241645e-5,5.497284214693259e-4,4.60384874345578e-4,844,"tags=45%, list=14%, signal=39%",YOL092W/YBR132C/YPR058W/YIL121W/YIL088C/YBR043C/YGR191W/YKR105C/YDR352W/YCL038C/YEL063C/YDR119W/YEL064C/YPL265W/YKR039W/YGR125W/YNL065W/YOR348C/YNL101W/YPL274W/YMR088C/YFL055W
GO:0006644,phospholipid metabolic process,157,-0.4276586550513654,-1.830047749284576,1.538904237067165e-5,6.023199606939625e-4,5.044290755037782e-4,1428,"tags=49%, list=24%, signal=38%",YPL268W/YGL071W/YBR004C/YML059C/YHR100C/YJL167W/YJR013W/YOR175C/YNL158W/YNL106C/YDR319C/YOR311C/YMR008C/YGR007W/YNL128W/YCL004W/YJL062W/YHL020C/YBL039C/YDR072C/YHR190W/YLR305C/YDR017C/YPL076W/YNL054W/YDR437W/YLR386W/YDR434W/YJL153C/YDR287W/YIL039W/YDR147W/YPL031C/YPL175W/YGR046W/YOL065C/YLR088W/YIL002C/YML126C/YOR149C/YMR220W/YFL025C/YLR459W/YDR284C/YBR042C/YLL031C/YOR109W/YLR240W/YPL103C/YNL087W/YNL169C/YLR133W/YLR347C/YNL264C/YCR044C/YKL212W/YMR013C/YAL009W/YMR208W/YGL142C/YMR272C/YCL052C/YPL206C/YBR029C/YPL110C/YHR123W/YGR149W/YKR031C/YCR017C/YNL130C/YHR046C/YER043C/YKR070W/YDR123C/YNR043W/YGR157W/YCR068W
GO:0046165,alcohol biosynthetic process,86,-0.5075274821591943,-1.9818570364432047,1.7536330807330747e-5,6.70764653380401e-4,5.617499270577959e-4,1180,"tags=49%, list=20%, signal=40%",YNL333W/YHR190W/YDR017C/YER125W/YJL153C/YDR287W/YBR145W/YGL256W/YLR228C/YML126C/YDL080C/YMR220W/YLR410W/YDR315C/YOR171C/YAL061W/YNL280C/YOL055C/YMR208W/YGL012W/YMR202W/YLR450W/YLR044C/YLR100W/YHR046C/YPR121W/YHR072W/YOL086C/YPL028W/YNR043W/YLR134W/YLR056W/YGL001C/YHR007C/YGR175C/YIL053W/YMR303C/YGR060W/YGR144W/YML075C/YMR015C/YGR087C
GO:0007006,mitochondrial membrane organization,56,0.5931720308600118,2.033450855869631,2.0973893720170434e-5,7.844236251343742e-4,6.569366945335254e-4,1486,"tags=57%, list=25%, signal=43%",YEL020W-A/YHR005C-A/YOR045W/YLR099W-A/YCL057C-A/YNL070W/YOL027C/YKR016W/YDR322C-A/YFR011C/YJR135W-A/YER154W/YBR091C/YLR295C/YPL063W/YBR262C/YNL121C/YPR133W-A/YPR020W/YGR181W/YPL098C/YEL012W/YLR168C/YPR140W/YJR080C/YGR235C/YJL127C-B/YDR393W/YOL026C/YBR185C/YOR211C/YIR004W
GO:0019362,pyridine nucleotide metabolic process,86,-0.502860728469394,-1.9636337106872666,2.3433874903544842e-5,8.573741622318689e-4,7.18031086861477e-4,991,"tags=45%, list=17%, signal=38%",YNL009W/YOR393W/YPR021C/YBR145W/YMR205C/YMR315W/YDR400W/YEL041W/YHR074W/YGR256W/YCL047C/YGR010W/YGR240C/YDR050C/YJR009C/YDL085W/YDL021W/YJR078W/YOR347C/YBR196C/YLR446W/YGR254W/YOL056W/YOL086C/YKL152C/YOR344C/YHR202W/YPL075W/YKL060C/YNL129W/YOL136C/YHR183W/YMR303C/YAL038W/YLR231C/YGL253W/YHR174W/YCR012W/YJL052W
GO:0072524,pyridine-containing compound metabolic process,100,-0.4821298601162994,-1.9336512158977819,2.5517279657563765e-5,9.137357800782941e-4,7.652326419143983e-4,991,"tags=42%, list=17%, signal=36%",YNL009W/YMR096W/YOR393W/YPR021C/YBR145W/YMR205C/YMR315W/YDR400W/YEL041W/YHR074W/YGR256W/YCL047C/YGR010W/YEL029C/YGR240C/YDR050C/YJR009C/YDL085W/YDL021W/YJR078W/YOR347C/YBR196C/YLR446W/YGR254W/YOL056W/YOL086C/YKL152C/YOR344C/YHR202W/YPL075W/YKL060C/YNL129W/YOL136C/YHR183W/YMR303C/YAL038W/YLR231C/YGL253W/YHR174W/YOR047C/YCR012W/YJL052W
GO:0008202,steroid metabolic process,56,-0.5760777953663924,-2.0806844928775687,3.0400643716327262e-5,0.0010659225703037246,8.926855687754869e-4,930,"tags=54%, list=16%, signal=46%",YLR020C/YLR189C/YML008C/YHR190W/YLL012W/YER125W/YNR019W/YLR228C/YML126C/YMR220W/YNL264C/YNL280C/YHR001W/YMR208W/YGL012W/YMR202W/YLR450W/YLR100W/YCR048W/YHR072W/YPL028W/YNR043W/YLR056W/YGL001C/YHR007C/YGR175C/YNL111C/YGR060W/YML075C/YMR015C
GO:0008204,ergosterol metabolic process,39,-0.6385709401051747,-2.14897430308389,3.572197008071198e-5,0.0011788250126634954,9.872387603317512e-4,930,"tags=54%, list=16%, signal=46%",YNR019W/YLR228C/YML126C/YMR220W/YNL280C/YMR208W/YGL012W/YMR202W/YLR450W/YLR100W/YCR048W/YHR072W/YPL028W/YNR043W/YLR056W/YGL001C/YHR007C/YGR175C/YGR060W/YML075C/YMR015C
GO:0016128,phytosteroid metabolic process,39,-0.6385709401051747,-2.14897430308389,3.572197008071198e-5,0.0011788250126634954,9.872387603317512e-4,930,"tags=54%, list=16%, signal=46%",YNR019W/YLR228C/YML126C/YMR220W/YNL280C/YMR208W/YGL012W/YMR202W/YLR450W/YLR100W/YCR048W/YHR072W/YPL028W/YNR043W/YLR056W/YGL001C/YHR007C/YGR175C/YGR060W/YML075C/YMR015C
GO:0007007,inner mitochondrial membrane organization,37,0.6475275746853579,2.0585341259168373,3.557245345455567e-5,0.0011788250126634954,9.872387603317512e-4,1448,"tags=62%, list=25%, signal=47%",YEL020W-A/YHR005C-A/YCL057C-A/YOL027C/YKR016W/YDR322C-A/YFR011C/YJR135W-A/YER154W/YBR091C/YLR295C/YBR262C/YNL121C/YPR020W/YGR181W/YPL098C/YLR168C/YPR140W/YJR080C/YGR235C/YDR393W/YBR185C/YOR211C
GO:0006694,steroid biosynthetic process,43,-0.6072722989125692,-2.0750695986309045,3.644545301905551e-5,0.001179571104443662,9.87863594990189e-4,922,"tags=49%, list=16%, signal=41%",YLR228C/YML126C/YMR220W/YNL264C/YNL280C/YMR208W/YGL012W/YMR202W/YLR450W/YLR100W/YHR072W/YPL028W/YNR043W/YLR056W/YGL001C/YHR007C/YGR175C/YNL111C/YGR060W/YML075C/YMR015C
GO:0046496,nicotinamide nucleotide metabolic process,85,-0.5105122603822826,-1.9930723862173718,3.740074526130968e-5,0.0011876500806563054,9.946295512391987e-4,991,"tags=46%, list=17%, signal=39%",YNL009W/YOR393W/YPR021C/YBR145W/YMR205C/YMR315W/YDR400W/YEL041W/YHR074W/YGR256W/YCL047C/YGR010W/YGR240C/YDR050C/YJR009C/YDL085W/YDL021W/YJR078W/YOR347C/YBR196C/YLR446W/YGR254W/YOL056W/YOL086C/YKL152C/YOR344C/YHR202W/YPL075W/YKL060C/YNL129W/YOL136C/YHR183W/YMR303C/YAL038W/YLR231C/YGL253W/YHR174W/YCR012W/YJL052W
GO:0016125,sterol metabolic process,54,-0.5829303912956055,-2.1081785245827236,4.1789329398893696e-5,0.0013024340995988536,0.0010907585197878881,1353,"tags=56%, list=23%, signal=43%",YLR020C/YLR189C/YML008C/YHR190W/YLL012W/YER125W/YNR019W/YLR228C/YML126C/YMR220W/YNL264C/YNL280C/YHR001W/YMR208W/YGL012W/YMR202W/YLR450W/YLR100W/YCR048W/YHR072W/YPL028W/YNR043W/YLR056W/YGL001C/YHR007C/YGR175C/YNL111C/YGR060W/YML075C/YMR015C
GO:0006753,nucleoside phosphate metabolic process,239,-0.3693782573611305,-1.6909399973373624,5.785009864711838e-5,0.0017702130186018224,0.001482512575856297,991,"tags=30%, list=17%, signal=26%",YNL009W/YGR244C/YAR015W/YDR399W/YJR051W/YOR393W/YPR021C/YBR145W/YML126C/YMR120C/YER099C/YMR205C/YMR315W/YMR220W/YDR400W/YEL041W/YBR127C/YHR074W/YMR271C/YGR256W/YHL011C/YCL047C/YGR010W/YMR207C/YER005W/YGR240C/YDR050C/YJR009C/YMR208W/YNR016C/YBR242W/YDL085W/YDL021W/YJR105W/YIL009W/YOL061W/YJR078W/YOR347C/YLR014C/YBR196C/YGL101W/YLR450W/YLR446W/YLR153C/YJR019C/YKL181W/YGR254W/YNR012W/YOL056W/YOL086C/YKL152C/YOR344C/YHR202W/YCR026C/YNR043W/YPL075W/YKL060C/YNL129W/YOL136C/YHR183W/YNL141W/YMR303C/YAL038W/YML075C/YLR231C/YMR246W/YGL253W/YHR174W/YJL116C/YCR012W/YJL052W
GO:0006458,'de novo' protein folding,33,0.6653384138147933,2.0619727704716504,6.416762806522275e-5,0.0019284663934601765,0.0016150461274310765,712,"tags=36%, list=12%, signal=32%",YER103W/YPL240C/YLL026W/YNL007C/YOR020C/YJL034W/YGR211W/YFL016C/YGR285C/YJR045C/YAL005C/YLR259C
GO:0006865,amino acid transport,59,-0.5604551793930168,-2.062718231587533,7.21940898324694e-5,0.002131625494527123,0.0017851871890244976,844,"tags=46%, list=14%, signal=40%",YOL092W/YBR132C/YPR058W/YIL121W/YCR075C/YIL088C/YBR043C/YGR191W/YKR105C/YGL077C/YKL176C/YDR352W/YCL038C/YEL062W/YEL063C/YDR119W/YEL064C/YPL265W/YKR039W/YGR125W/YNL065W/YOR348C/YNL101W/YPL274W/YDL210W/YMR088C/YFL055W
GO:0070585,protein localization to mitochondrion,74,0.531005023336238,1.893944105308243,7.902038344281411e-5,0.0022540899209195957,0.0018877483216757913,1405,"tags=45%, list=24%, signal=34%",YPL240C/YKL195W/YOR020C/YEL020W-A/YHR005C-A/YOR045W/YLR099W-A/YNL070W/YOL027C/YKR016W/YOR027W/YJR135W-A/YER154W/YBR091C/YPL063W/YJR045C/YAL005C/YNL121C/YPR133W-A/YNR017W/YLR259C/YGR181W/YPL098C/YOR232W/YBR230C/YLR008C/YBL045C/YJL104W/YOL026C/YER017C/YKR065C/YBR185C/YIL022W
GO:0072655,establishment of protein localization to mitochondrion,74,0.531005023336238,1.893944105308243,7.902038344281411e-5,0.0022540899209195957,0.0018877483216757913,1405,"tags=45%, list=24%, signal=34%",YPL240C/YKL195W/YOR020C/YEL020W-A/YHR005C-A/YOR045W/YLR099W-A/YNL070W/YOL027C/YKR016W/YOR027W/YJR135W-A/YER154W/YBR091C/YPL063W/YJR045C/YAL005C/YNL121C/YPR133W-A/YNR017W/YLR259C/YGR181W/YPL098C/YOR232W/YBR230C/YLR008C/YBL045C/YJL104W/YOL026C/YER017C/YKR065C/YBR185C/YIL022W
GO:1902653,secondary alcohol biosynthetic process,37,-0.6348634450046665,-2.0821112130165087,8.220088433808183e-5,0.0023057348056831953,0.0019309997215559926,922,"tags=54%, list=16%, signal=46%",YLR228C/YML126C/YMR220W/YAL061W/YNL280C/YMR208W/YGL012W/YMR202W/YLR450W/YLR100W/YHR072W/YPL028W/YNR043W/YLR056W/YGL001C/YHR007C/YGR175C/YGR060W/YML075C/YMR015C
GO:0016126,sterol biosynthetic process,42,-0.6130828531758508,-2.096730030401286,8.616507094368703e-5,0.0023389647483584718,0.001958829032149354,922,"tags=50%, list=16%, signal=42%",YLR228C/YML126C/YMR220W/YNL264C/YNL280C/YMR208W/YGL012W/YMR202W/YLR450W/YLR100W/YHR072W/YPL028W/YNR043W/YLR056W/YGL001C/YHR007C/YGR175C/YNL111C/YGR060W/YML075C/YMR015C
GO:0042026,protein refolding,30,0.6928949471181497,2.086224437352921,8.519818166278938e-5,0.0023389647483584718,0.001958829032149354,712,"tags=43%, list=12%, signal=38%",YER103W/YPL240C/YLL026W/YPL106C/YDR258C/YLR216C/YOR020C/YJL034W/YFL016C/YBR169C/YJR045C/YAL005C/YLR259C
GO:0006626,protein targeting to mitochondrion,66,0.5400176613817885,1.8898403720497514,1.0811476067327331e-4,0.002888208606557444,0.0024188080959317124,1405,"tags=47%, list=24%, signal=36%",YPL240C/YKL195W/YOR020C/YEL020W-A/YHR005C-A/YOR045W/YLR099W-A/YNL070W/YKR016W/YOR027W/YJR135W-A/YER154W/YBR091C/YPL063W/YJR045C/YAL005C/YNL121C/YPR133W-A/YNR017W/YLR259C/YGR181W/YPL098C/YOR232W/YBR230C/YLR008C/YBL045C/YJL104W/YOL026C/YER017C/YKR065C/YIL022W
GO:0006613,cotranslational protein targeting to membrane,23,0.7260008359175425,2.069705276499525,1.2291262678961593e-4,0.0032322179826081814,0.002706908014330522,741,"tags=52%, list=13%, signal=46%",YER103W/YNCE0024W/YKL122C/YJL034W/YHR193C/YDR086C/YDR252W/YLR378C/YER019C-A/YPL037C/YAL005C/YDL092W
GO:1902652,secondary alcohol metabolic process,49,-0.5652943183130779,-2.006596333859418,1.3520121875940433e-4,0.0034519759658311728,0.0028909502569021113,1159,"tags=53%, list=20%, signal=43%",YHR190W/YMR226C/YER125W/YNL009W/YNR019W/YLR228C/YML126C/YMR220W/YAL061W/YNL280C/YMR208W/YGL012W/YMR202W/YLR450W/YLR100W/YCR048W/YHR072W/YPL028W/YNR043W/YLR056W/YGL001C/YHR007C/YGR175C/YGR060W/YML075C/YMR015C
GO:0019344,cysteine biosynthetic process,10,0.8496100578898858,1.9973214608245036,1.3537160650318325e-4,0.0034519759658311728,0.0028909502569021113,224,"tags=60%, list=4%, signal=58%",YPR167C/YKL001C/YLR303W/YAL012W/YIR017C/YNL103W
GO:0015677,copper ion import,11,-0.8444718242218716,-2.1107435493416795,1.699734227165484e-4,0.004269630901969417,0.003575717407972637,605,"tags=82%, list=10%, signal=74%",YLR411W/YLL051C/YHR175W/YPR124W/YOL152W/YLR214W/YMR319C/YOR381W/YOR384W
GO:0044283,small molecule biosynthetic process,347,-0.32396168834274014,-1.5536184774485253,2.186238121190286e-4,0.0054109393499459585,0.0045315369106405465,594,"tags=19%, list=10%, signal=18%",YAL061W/YEL029C/YNL280C/YEL046C/YDL015C/YJR148W/YMR207C/YHR037W/YOL055C/YKL055C/YDR050C/YPL273W/YJR009C/YMR208W/YMR272C/YNR016C/YIL020C/YJR105W/YGL012W/YMR202W/YJR024C/YGL009C/YBR196C/YLR450W/YLR044C/YLR100W/YIR033W/YHR046C/YPR121W/YHR072W/YOL086C/YKL152C/YOR391C/YPL231W/YPL028W/YNR043W/YKL060C/YLR134W/YKL182W/YJL196C/YLR056W/YGL001C/YHR007C/YGR175C/YIL053W/YMR303C/YMR170C/YPR035W/YGR060W/YGR144W/YML075C/YCL018W/YHR067W/YLR231C/YOL126C/YFR055W/YMR015C/YOR047C/YPL095C/YCR012W/YGL055W/YGR087C/YJL052W/YPL280W/YEL071W
GO:0009141,nucleoside triphosphate metabolic process,67,-0.5037338999055724,-1.9007738700715116,2.3298517391567367e-4,0.005682812285508388,0.004759224223845722,545,"tags=34%, list=9%, signal=32%",YER005W/YGR240C/YDR050C/YJR009C/YDL021W/YOR347C/YBR196C/YLR446W/YGR254W/YNR012W/YOL056W/YKL152C/YOR344C/YCR026C/YPL075W/YKL060C/YOL136C/YAL038W/YGL253W/YHR174W/YJL116C/YCR012W/YJL052W
GO:0006696,ergosterol biosynthetic process,35,-0.6355780593069067,-2.0978538762382706,2.6642255972517684e-4,0.006315340394612291,0.005288951926938648,922,"tags=54%, list=16%, signal=46%",YLR228C/YML126C/YMR220W/YNL280C/YMR208W/YGL012W/YMR202W/YLR450W/YLR100W/YHR072W/YPL028W/YNR043W/YLR056W/YGL001C/YHR007C/YGR175C/YGR060W/YML075C/YMR015C
GO:0016129,phytosteroid biosynthetic process,35,-0.6355780593069067,-2.0978538762382706,2.6642255972517684e-4,0.006315340394612291,0.005288951926938648,922,"tags=54%, list=16%, signal=46%",YLR228C/YML126C/YMR220W/YNL280C/YMR208W/YGL012W/YMR202W/YLR450W/YLR100W/YHR072W/YPL028W/YNR043W/YLR056W/YGL001C/YHR007C/YGR175C/YGR060W/YML075C/YMR015C
GO:0022900,electron transport chain,33,0.6397775820080436,1.9827563325180242,2.7841225107592737e-4,0.006507886368899802,0.005450204739629631,1170,"tags=55%, list=20%, signal=44%",YNR074C/YOR065W/YDR529C/YEL039C/YFR033C/YJL045W/YPR191W/YKL148C/YJL166W/YPL252C/YMR256C/YGL226W/YGL191W/YJR048W/YDL067C/YLR395C/YHR001W-A/YPR140W
GO:0015711,organic anion transport,119,-0.41255696469539305,-1.6897989661002872,3.52519821488633e-4,0.008127272048840676,0.0068064028979564475,1009,"tags=39%, list=17%, signal=33%",YMR275C/YPL221W/YBR041W/YPR021C/YKL187C/YPL084W/YLL015W/YPR011C/YPR058W/YIL006W/YIL121W/YCR075C/YHR002W/YAL053W/YOL147C/YMR034C/YPR128C/YIL088C/YJL078C/YBR220C/YBR043C/YGR191W/YJL079C/YKL120W/YKR105C/YGL077C/YGR257C/YOR306C/YGL139W/YCR098C/YGR260W/YEL062W/YEL063C/YEL064C/YPL265W/YIL166C/YCR028C/YKR039W/YNL065W/YPL002C/YOR348C/YNL101W/YMR246W/YJL193W/YDL210W/YJR152W
GO:0019693,ribose phosphate metabolic process,98,-0.45095321850841646,-1.7994364343350318,3.5918672177300703e-4,0.008169070983026633,0.00684140854130948,984,"tags=47%, list=17%, signal=40%",YKR043C/YJL005W/YMR323W/YLR420W/YOR163W/YDR020C/YGR061C/YGR192C/YLR359W/YJR133W/YNL333W/YBL039C/YAR015W/YDR399W/YOR393W/YMR120C/YER099C/YMR205C/YBR127C/YMR271C/YHL011C/YER005W/YGR240C/YDR050C/YJR009C/YDL021W/YJR105W/YOL061W/YOR347C/YBR196C/YLR446W/YKL181W/YGR254W/YNR012W/YOL056W/YKL152C/YOR344C/YPL075W/YKL060C/YOL136C/YAL038W/YGL253W/YHR174W/YJL116C/YCR012W/YJL052W
GO:0006650,glycerophospholipid metabolic process,125,-0.4172465953742776,-1.7333908835530294,3.661632789180572e-4,0.008216703978921203,0.006881300076789876,1428,"tags=44%, list=24%, signal=34%",YOR175C/YNL158W/YNL106C/YOR311C/YMR008C/YGR007W/YNL128W/YCL004W/YJL062W/YDR072C/YLR305C/YDR017C/YPL076W/YNL054W/YDR437W/YLR386W/YDR434W/YDR287W/YIL039W/YDR147W/YPL175W/YGR046W/YOL065C/YLR088W/YIL002C/YOR149C/YFL025C/YLR459W/YBR042C/YLL031C/YOR109W/YLR240W/YPL103C/YNL087W/YNL169C/YLR133W/YLR347C/YNL264C/YCR044C/YKL212W/YGL142C/YCL052C/YPL206C/YBR029C/YPL110C/YHR123W/YGR149W/YKR031C/YCR017C/YNL130C/YHR046C/YER043C/YKR070W/YGR157W/YCR068W
GO:0017004,cytochrome complex assembly,42,0.5942309780505569,1.9093197697032407,3.795139593669534e-4,0.008385417260654933,0.007022593559131223,1400,"tags=52%, list=24%, signal=40%",YLL009C/YDR529C/YLR218C/YDR079W/YPL189C-A/YML129C/YKL137W/YJR034W/YBR120C/YDR231C/YBR024W/YER058W/YJL062W-A/YDR493W/YMR244C-A/YML030W/YLR203C/YDR381C-A/YLR038C/YKL087C/YFL046W/YNR018W
GO:0045333,cellular respiration,101,0.4578237627762539,1.7378980605857735,3.836465413371538e-4,0.008385417260654933,0.007022593559131223,1205,"tags=43%, list=21%, signal=34%",YNR074C/YJR120W/YOR065W/YMR030W/YDR529C/YPL271W/YEL039C/YFR033C/YJL045W/YPR191W/YMR002W/YKL085W/YER065C/YPL262W/YKL148C/YJL166W/YLR154W-C/YMR256C/YLR174W/YMR081C/YNL037C/YJR121W/YFL018C/YOR355W/YFR049W/YNL117W/YGL226W/YBL030C/YBR010W/YDR031W/YNR001C/YGL191W/YDR148C/YOR136W/YPR001W/YJR048W/YDL067C/YLR395C/YKL109W/YHR001W-A/YPR140W/YBL045C/YDR487C
GO:0022904,respiratory electron transport chain,32,0.6331906857625371,1.9485943871171025,4.072792095698076e-4,0.008787832175717773,0.0073596067694193315,1170,"tags=53%, list=20%, signal=43%",YNR074C/YOR065W/YDR529C/YEL039C/YFR033C/YJL045W/YPR191W/YKL148C/YJL166W/YMR256C/YGL226W/YGL191W/YJR048W/YDL067C/YLR395C/YHR001W-A/YPR140W
GO:0016054,organic acid catabolic process,84,-0.4678418223557277,-1.825835507222447,4.129221768381412e-4,0.008796810425551794,0.007367125846585891,1017,"tags=42%, list=17%, signal=35%",YMR042W/YLR284C/YDL215C/YNL009W/YDL080C/YNL202W/YBR006W/YHR208W/YOR388C/YDR539W/YEL020C/YML076C/YPR128C/YER010C/YGL196W/YEL046C/YJR148W/YHR037W/YKR009C/YIR023W/YKL106W/YJR078W/YNL239W/YOR363C/YLR044C/YJR019C/YLR142W/YER043C/YLR134W/YGL205W/YCL064C/YLR231C/YFR055W/YPL095C/YGR087C
GO:0046395,carboxylic acid catabolic process,83,-0.4732957458775278,-1.8447503662455562,4.190394313600633e-4,0.008815542037237332,0.007382813139356904,1017,"tags=42%, list=17%, signal=35%",YMR042W/YLR284C/YDL215C/YNL009W/YDL080C/YNL202W/YBR006W/YHR208W/YOR388C/YDR539W/YEL020C/YML076C/YPR128C/YER010C/YGL196W/YEL046C/YJR148W/YHR037W/YKR009C/YIR023W/YKL106W/YJR078W/YNL239W/YOR363C/YLR044C/YJR019C/YLR142W/YER043C/YLR134W/YGL205W/YCL064C/YLR231C/YFR055W/YPL095C/YGR087C
GO:0006163,purine nucleotide metabolic process,136,-0.40583965042585896,-1.701746955693994,4.25965856707226e-4,0.008850623911583474,0.007412193400012679,991,"tags=36%, list=17%, signal=31%",YNL009W/YAR015W/YDR399W/YOR393W/YPR021C/YBR145W/YMR120C/YER099C/YMR205C/YMR315W/YDR400W/YEL041W/YBR127C/YHR074W/YGR256W/YHL011C/YCL047C/YGR010W/YGR240C/YDR050C/YJR009C/YDL085W/YDL021W/YJR105W/YOL061W/YJR078W/YOR347C/YBR196C/YLR446W/YKL181W/YGR254W/YOL056W/YOL086C/YKL152C/YOR344C/YHR202W/YPL075W/YKL060C/YNL129W/YOL136C/YHR183W/YMR303C/YAL038W/YLR231C/YGL253W/YHR174W/YJL116C/YCR012W/YJL052W
GO:0015849,organic acid transport,78,-0.4775664124510939,-1.8576580647846337,4.4747334974408655e-4,0.009184117653893873,0.007691486717680769,969,"tags=42%, list=16%, signal=36%",YBR041W/YPR021C/YKL187C/YLL015W/YPR058W/YIL006W/YIL121W/YCR075C/YOL147C/YMR034C/YIL088C/YJL078C/YBR043C/YGR191W/YJL079C/YKL120W/YKR105C/YGL077C/YGR260W/YEL062W/YEL063C/YEL064C/YPL265W/YIL166C/YCR028C/YKR039W/YNL065W/YOR348C/YNL101W/YMR246W/YJL193W/YDL210W/YJR152W
GO:0000096,sulfur amino acid metabolic process,46,0.5644177410953605,1.8497198344526462,4.599522702507473e-4,0.009326502058216961,0.007810730372425499,616,"tags=35%, list=10%, signal=31%",YDR253C/YPR167C/YKL001C/YLR303W/YKR069W/YJR010W/YNL277W/YAL012W/YIR017C/YLL062C/YNL103W/YMR009W/YJR137C/YER052C/YGL184C/YGR204W
GO:0044248,cellular catabolic process,104,-0.4288953487454858,-1.7305059077273441,4.6744784200532116e-4,0.009365651405892328,0.007843517048184525,1017,"tags=36%, list=17%, signal=30%",YDL215C/YNL009W/YBR281C/YDL080C/YNL202W/YBR006W/YHR208W/YOR388C/YDR539W/YEL020C/YML076C/YPR128C/YER010C/YGL196W/YEL046C/YJR148W/YHR037W/YOL055C/YKR009C/YIR023W/YKL106W/YJR078W/YNL239W/YOR363C/YKL157W/YLR044C/YJR019C/YLR142W/YLR299W/YER043C/YLR134W/YGL205W/YCL064C/YLR231C/YFR055W/YPL095C/YGR087C
GO:0009117,nucleotide metabolic process,181,-0.3625313710749813,-1.5918017204281334,4.913804705627347e-4,0.009729333317142149,0.008148092261095998,991,"tags=30%, list=17%, signal=26%",YNL009W/YAR015W/YDR399W/YJR051W/YOR393W/YPR021C/YBR145W/YMR120C/YER099C/YMR205C/YMR315W/YDR400W/YEL041W/YBR127C/YHR074W/YMR271C/YGR256W/YHL011C/YCL047C/YGR010W/YER005W/YGR240C/YDR050C/YJR009C/YDL085W/YDL021W/YJR105W/YOL061W/YJR078W/YOR347C/YLR014C/YBR196C/YLR446W/YKL181W/YGR254W/YNR012W/YOL056W/YOL086C/YKL152C/YOR344C/YHR202W/YPL075W/YKL060C/YNL129W/YOL136C/YHR183W/YNL141W/YMR303C/YAL038W/YLR231C/YGL253W/YHR174W/YJL116C/YCR012W/YJL052W
GO:0015980,energy derivation by oxidation of organic compounds,159,0.41608712982364315,1.6703882547189133,5.558679538874221e-4,0.010878206585959666,0.009110247126747347,1070,"tags=35%, list=18%, signal=29%",YNR074C/YIL057C/YFR015C/YER067W/YMR145C/YJR120W/YOR065W/YMR030W/YDR529C/YPL271W/YEL039C/YFR033C/YJL045W/YMR105C/YPR191W/YMR002W/YKL085W/YMR311C/YER065C/YER054C/YPL262W/YKL148C/YJL166W/YEL011W/YLR154W-C/YMR256C/YLR174W/YKR058W/YMR081C/YJL137C/YNL037C/YJR121W/YFR003C/YLR258W/YFL018C/YOR355W/YFR049W/YNL117W/YGL226W/YPR184W/YBL030C/YBR010W/YDR031W/YFR017C/YNR001C/YOR178C/YGL191W/YDR148C/YOR136W/YPR001W/YBL058W/YJR048W/YDL067C/YLR395C/YKL109W
GO:0046942,carboxylic acid transport,76,-0.470018836263294,-1.8073117041010784,5.658860634686848e-4,0.01094696833123904,0.00916783350253562,969,"tags=42%, list=16%, signal=36%",YBR041W/YPR021C/YKL187C/YLL015W/YPR058W/YIL006W/YIL121W/YCR075C/YOL147C/YMR034C/YIL088C/YJL078C/YBR043C/YGR191W/YJL079C/YKL120W/YKR105C/YGL077C/YGR260W/YEL062W/YEL063C/YEL064C/YPL265W/YCR028C/YKR039W/YNL065W/YOR348C/YNL101W/YMR246W/YJL193W/YDL210W/YJR152W
GO:0019400,alditol metabolic process,19,0.717157745783693,1.9601417433485113,6.26800465296747e-4,0.011987558898800287,0.010039304103257709,90,"tags=32%, list=2%, signal=31%",YEL070W/YNR073C/YPL201C/YJR159W/YIL155C/YHL032C
GO:0006569,L-tryptophan catabolic process,10,-0.8314418328257137,-2.0429748861182064,6.669671145954464e-4,0.0122011484115667,0.010218180394088132,385,"tags=50%, list=7%, signal=47%",YJR078W/YLR044C/YLR134W/YLR231C/YGR087C
GO:0042436,indole-containing compound catabolic process,10,-0.8314418328257137,-2.0429748861182064,6.669671145954464e-4,0.0122011484115667,0.010218180394088132,385,"tags=50%, list=7%, signal=47%",YJR078W/YLR044C/YLR134W/YLR231C/YGR087C
GO:1902222,erythrose 4-phosphate/phosphoenolpyruvate family amino acid catabolic process,10,-0.8314418328257137,-2.0429748861182064,6.669671145954464e-4,0.0122011484115667,0.010218180394088132,385,"tags=50%, list=7%, signal=47%",YJR078W/YLR044C/YLR134W/YLR231C/YGR087C
GO:0046034,ATP metabolic process,49,-0.5311628709023525,-1.8854416803896015,6.654577385252307e-4,0.0122011484115667,0.010218180394088132,540,"tags=41%, list=9%, signal=37%",YGR240C/YDR050C/YJR009C/YDL021W/YOR347C/YBR196C/YLR446W/YGR254W/YOL056W/YKL152C/YOR344C/YPL075W/YKL060C/YOL136C/YAL038W/YGL253W/YHR174W/YJL116C/YCR012W/YJL052W
GO:0008654,phospholipid biosynthetic process,124,-0.408856658511807,-1.6999342701866436,7.073668572914754e-4,0.012801058288403798,0.01072059107994664,1428,"tags=46%, list=24%, signal=36%",YOR175C/YNL158W/YNL106C/YDR319C/YOR311C/YGR007W/YCL004W/YJL062W/YHL020C/YBL039C/YLR305C/YDR017C/YPL076W/YNL054W/YDR437W/YLR386W/YDR434W/YJL153C/YDR287W/YIL039W/YDR147W/YPL031C/YPL175W/YGR046W/YLR088W/YIL002C/YML126C/YOR149C/YMR220W/YFL025C/YLR459W/YBR042C/YLL031C/YOR109W/YLR240W/YNL169C/YLR133W/YLR347C/YNL264C/YCR044C/YMR013C/YAL009W/YMR208W/YGL142C/YCL052C/YBR029C/YHR123W/YGR149W/YKR031C/YCR017C/YNL130C/YHR046C/YER043C/YKR070W/YDR123C/YNR043W/YGR157W
GO:0009150,purine ribonucleotide metabolic process,76,-0.4649363855199593,-1.7877687155966764,7.161212579082673e-4,0.012821617841059724,0.010737809231121725,540,"tags=28%, list=9%, signal=25%",YGR240C/YDR050C/YJR009C/YDL021W/YJR105W/YOR347C/YBR196C/YLR446W/YGR254W/YOL056W/YKL152C/YOR344C/YPL075W/YKL060C/YOL136C/YAL038W/YGL253W/YHR174W/YJL116C/YCR012W/YJL052W
GO:0009199,ribonucleoside triphosphate metabolic process,59,-0.5202796261988223,-1.914854764383018,7.254304784332036e-4,0.01285157363371665,0.01076289651658792,545,"tags=37%, list=9%, signal=34%",YER005W/YGR240C/YDR050C/YJR009C/YDL021W/YOR347C/YBR196C/YLR446W/YGR254W/YNR012W/YOL056W/YKL152C/YOR344C/YPL075W/YKL060C/YOL136C/YAL038W/YGL253W/YHR174W/YJL116C/YCR012W/YJL052W
GO:0043161,proteasome-mediated ubiquitin-dependent protein catabolic process,119,0.4320452040292664,1.6853500272490782,7.386948118795034e-4,0.012950243420762545,0.010845530187572974,1159,"tags=39%, list=20%, signal=32%",YPL106C/YNL007C/YDR363W-A/YBR101C/YBR158W/YJL144W/YFR004W/YGR253C/YOR261C/YPR103W/YOR257W/YIL075C/YPL009C/YBR169C/YHR027C/YDL007W/YNL155W/YHR200W/YFR010W/YFR052W/YOL038W/YBR082C/YBL041W/YDR054C/YBR172C/YAL005C/YGR048W/YGL048C/YDR219C/YDR394W/YGL011C/YOR157C/YGL116W/YFR036W/YGR135W/YDL126C/YEL012W/YBL058W/YEL037C/YKR023W/YML092C/YGR066C/YFR050C/YER012W/YDR255C/YLL024C
GO:0008535,respiratory chain complex IV assembly,29,0.6342289802717995,1.8980533030664548,7.642060508727126e-4,0.013124069220599749,0.010991105285913665,1400,"tags=62%, list=24%, signal=48%",YLL009C/YLR218C/YDR079W/YPL189C-A/YML129C/YKL137W/YJR034W/YDR231C/YBR024W/YER058W/YJL062W-A/YMR244C-A/YML030W/YLR203C/YDR381C-A/YLR038C/YFL046W/YNR018W
GO:0033617,mitochondrial cytochrome c oxidase assembly,29,0.6342289802717995,1.8980533030664548,7.642060508727126e-4,0.013124069220599749,0.010991105285913665,1400,"tags=62%, list=24%, signal=48%",YLL009C/YLR218C/YDR079W/YPL189C-A/YML129C/YKL137W/YJR034W/YDR231C/YBR024W/YER058W/YJL062W-A/YMR244C-A/YML030W/YLR203C/YDR381C-A/YLR038C/YFL046W/YNR018W
GO:0009205,purine ribonucleoside triphosphate metabolic process,54,-0.5199468734204069,-1.8803974691259109,8.423863394504541e-4,0.01432056777065772,0.011993145226200512,540,"tags=37%, list=9%, signal=34%",YGR240C/YDR050C/YJR009C/YDL021W/YOR347C/YBR196C/YLR446W/YGR254W/YOL056W/YKL152C/YOR344C/YPL075W/YKL060C/YOL136C/YAL038W/YGL253W/YHR174W/YJL116C/YCR012W/YJL052W
GO:1902047,polyamine transmembrane transport,11,-0.8041560878240244,-2.0099750238587526,8.690822456938419e-4,0.014626654195027356,0.012249485547200572,785,"tags=91%, list=13%, signal=79%",YKL174C/YBR132C/YPR156C/YNR055C/YBR043C/YGR138C/YKR039W/YHL016C/YPL274W/YOR273C
GO:0009063,amino acid catabolic process,53,-0.5263796409616939,-1.8940651845690095,8.879237564569629e-4,0.014795798832842265,0.012391140280311344,1017,"tags=47%, list=17%, signal=39%",YDL215C/YBR145W/YGL256W/YDL080C/YBR006W/YHR208W/YGL196W/YEL046C/YJR148W/YHR037W/YIR023W/YKL106W/YJR078W/YNL239W/YLR044C/YLR142W/YER043C/YOL086C/YLR098C/YLR134W/YMR303C/YCL064C/YLR231C/YFR055W/YGR087C
GO:0043603,amide metabolic process,109,-0.41441610440890425,-1.6804225798364447,9.109698567320698e-4,0.015031002636079151,0.012588118040910645,1377,"tags=41%, list=23%, signal=32%",YLR146C/YDR319C/YMR297W/YMR289W/YNL314W/YOR311C/YMR251W/YIL145C/YBR221C/YKL184W/YDR135C/YNR033W/YHL003C/YPR069C/YGR244C/YBR281C/YML126C/YMR220W/YHR063C/YNL256W/YGR038W/YPL103C/YMR207C/YIR023W/YMR208W/YLR351C/YNR016C/YIL009W/YKL008C/YGR154C/YDR242W/YLL060C/YLR450W/YKL215C/YLR153C/YJR019C/YLR299W/YIR028W/YNR043W/YIR027C/YIR031C/YMR170C/YML075C/YBR208C/YMR246W
GO:0009144,purine nucleoside triphosphate metabolic process,56,-0.5089320133088036,-1.8381665749624974,9.373740559784539e-4,0.015316510060308134,0.012827223923915686,540,"tags=36%, list=9%, signal=33%",YGR240C/YDR050C/YJR009C/YDL021W/YOR347C/YBR196C/YLR446W/YGR254W/YOL056W/YKL152C/YOR344C/YPL075W/YKL060C/YOL136C/YAL038W/YGL253W/YHR174W/YJL116C/YCR012W/YJL052W
GO:0006631,fatty acid metabolic process,73,-0.472405305773614,-1.817563894002061,9.674102950688553e-4,0.01550620501524651,0.012986089073656113,1228,"tags=44%, list=21%, signal=35%",YAL051W/YER015W/YOR221C/YLR284C/YER125W/YBR026C/YNL009W/YBR041W/YNL202W/YEL020C/YER061C/YPR128C/YDL015C/YMR207C/YKL055C/YKR009C/YMR272C/YNR016C/YIL009W/YOR363C/YOR100C/YJR019C/YIR033W/YPL231W/YGL205W/YKL182W/YJL196C/YHR067W/YOL002C/YMR246W/YPL095C/YGL055W
GO:0009259,ribonucleotide metabolic process,91,-0.44276368282876366,-1.7393085439737492,9.613058850897698e-4,0.01550620501524651,0.012986089073656113,545,"tags=25%, list=9%, signal=23%",YER005W/YGR240C/YDR050C/YJR009C/YDL021W/YJR105W/YOR347C/YBR196C/YLR446W/YGR254W/YNR012W/YOL056W/YKL152C/YOR344C/YPL075W/YKL060C/YOL136C/YAL038W/YGL253W/YHR174W/YJL116C/YCR012W/YJL052W
GO:0042886,amide transport,36,-0.5820956322676887,-1.929123153562178,9.903964370227842e-4,0.015577917789806972,0.013046146868406378,707,"tags=36%, list=12%, signal=32%",YNL087W/YHR002W/YLR188W/YBR220C/YLR237W/YEL062W/YKR093W/YIR028W/YCR028C/YHL016C/YPR194C/YJR152W/YJL212C
GO:0043248,proteasome assembly,33,0.6052712766826907,1.87581667517507,9.850624318462143e-4,0.015577917789806972,0.013046146868406378,1283,"tags=52%, list=22%, signal=40%",YPL240C/YDR363W-A/YMR186W/YFR004W/YPR103W/YIL075C/YDL007W/YBR173C/YHR200W/YDR427W/YGL048C/YDR394W/YKL206C/YGR135W/YFR050C/YDL110C/YOR259C
GO:0051085,chaperone cofactor-dependent protein refolding,16,0.7303587883011752,1.90848210916032,0.0011501429201812951,0.017923060506158515,0.015010149806264661,642,"tags=50%, list=11%, signal=45%",YER103W/YLL026W/YNL007C/YOR020C/YJL034W/YFL016C/YJR045C/YAL005C
GO:0015846,polyamine transport,14,-0.7503170423607801,-2.007591287021417,0.0012429588434277187,0.01919174067420964,0.0160726401868635,785,"tags=71%, list=13%, signal=62%",YBR132C/YPR156C/YNR055C/YBR043C/YGR138C/YKR039W/YHL016C/YPL274W/YDL210W/YOR273C
GO:0030001,metal ion transport,106,-0.4219196047718584,-1.712677925830594,0.0013097955419877885,0.020039871792413164,0.01678293043752774,1254,"tags=41%, list=21%, signal=32%",YGR192C/YHR050W/YDR135C/YLR047C/YLR034C/YKR052C/YJL129C/YDR205W/YKL175W/YGR281W/YLR220W/YLL015W/YLR411W/YGL255W/YGL160W/YNL291C/YOR079C/YIL121W/YDL183C/YHL040C/YMR058W/YMR034C/YLL051C/YGR217W/YHR175W/YDR270W/YGR191W/YPR124W/YLR443W/YAL048C/YBR235W/YBR295W/YOL130W/YOL152W/YFL050C/YLR214W/YDR506C/YEL065W/YMR319C/YOR381W/YOR382W/YOR383C/YOR384W
GO:0006614,SRP-dependent cotranslational protein targeting to membrane,20,0.6958206131656315,1.918686419090758,0.0013318965566127446,0.020124389381744195,0.016853711969325124,741,"tags=45%, list=13%, signal=39%",YER103W/YNCE0024W/YKL122C/YJL034W/YDR086C/YLR378C/YER019C-A/YAL005C/YDL092W
GO:0000097,sulfur amino acid biosynthetic process,36,0.5855499851064093,1.8422083694203466,0.0013392344686603385,0.020124389381744195,0.016853711969325124,616,"tags=39%, list=10%, signal=35%",YPR167C/YKL001C/YLR303W/YKR069W/YNL277W/YAL012W/YIR017C/YLL062C/YNL103W/YMR009W/YJR137C/YER052C/YGL184C/YGR204W
GO:0046486,glycerolipid metabolic process,141,-0.37554889317708195,-1.5859594521612494,0.0014541556629224417,0.021657911333614773,0.01813800123570703,1322,"tags=41%, list=23%, signal=33%",YOR175C/YNL158W/YNL106C/YOR311C/YMR008C/YGR007W/YNL128W/YCL004W/YJL062W/YDR072C/YOR081C/YLR305C/YDR017C/YPL076W/YNL054W/YDR437W/YLR386W/YDR434W/YDR287W/YIL039W/YDR147W/YPL175W/YGR046W/YOL065C/YLR088W/YIL002C/YOR149C/YFL025C/YLR459W/YBR042C/YLL031C/YOR109W/YLR240W/YPL103C/YNL087W/YNL169C/YLR133W/YLR347C/YNL264C/YCR044C/YKL212W/YGL142C/YCL052C/YPL206C/YBR029C/YPL110C/YHR123W/YGR149W/YKR031C/YOR093C/YCR017C/YNL130C/YHR046C/YER043C/YKR070W/YPR147C/YGR157W/YCR068W
GO:0000041,transition metal ion transport,68,-0.47810372716656957,-1.8011555363438865,0.0015516993458344213,0.022907982447713433,0.019184906962809698,1254,"tags=50%, list=21%, signal=40%",YGR192C/YHR050W/YDR135C/YLR047C/YLR034C/YKR052C/YDR205W/YKL175W/YGR281W/YLR220W/YLL015W/YLR411W/YGL255W/YGL160W/YOR079C/YIL121W/YHL040C/YMR058W/YLL051C/YHR175W/YDR270W/YGR191W/YPR124W/YAL048C/YBR295W/YOL152W/YLR214W/YDR506C/YEL065W/YMR319C/YOR381W/YOR382W/YOR383C/YOR384W
GO:0006616,"SRP-dependent cotranslational protein targeting to membrane, translocation",13,0.7557218766288303,1.8986405829025972,0.001569979792014028,0.022976312956170513,0.019242132187705114,741,"tags=54%, list=13%, signal=47%",YER103W/YJL034W/YDR086C/YLR378C/YER019C-A/YAL005C/YDL092W
GO:0051084,'de novo' post-translational protein folding,24,0.659940252115424,1.9175275348958325,0.00172047288191896,0.024961688450600084,0.020904838374677746,642,"tags=33%, list=11%, signal=30%",YER103W/YLL026W/YNL007C/YOR020C/YJL034W/YFL016C/YJR045C/YAL005C
GO:0000103,sulfate assimilation,10,0.7963602868527703,1.8721382553189416,0.0017603286398998378,0.025321650435482283,0.02120629823505068,957,"tags=80%, list=16%, signal=67%",YPR167C/YKL001C/YFR030W/YKR069W/YJR010W/YJR137C/YGR209C/YBR213W
GO:0055082,intracellular chemical homeostasis,207,-0.33855988576225426,-1.5156539864679426,0.0019014140533952046,0.02711932077850957,0.022711805686852625,1235,"tags=33%, list=21%, signal=27%",YHR050W/YLR083C/YDR376W/YGL227W/YLR047C/YLR034C/YJL129C/YDR205W/YMR116C/YER125W/YPR138C/YJR033C/YLR126C/YOR270C/YKL175W/YKL168C/YLR220W/YNL201C/YJL110C/YMR205C/YOR371C/YGL160W/YCL017C/YEL027W/YBR127C/YOR079C/YGR038W/YGR121C/YER113C/YHL040C/YCR044C/YDL206W/YMR058W/YDR107C/YPL036W/YLL051C/YDR436W/YGR240C/YIL090W/YHR175W/YPL203W/YBR043C/YDR270W/YKR021W/YBR295W/YDL138W/YLR446W/YGR257C/YIR033W/YJR106W/YOL130W/YAL056W/YLR447C/YOL152W/YMR021C/YFL050C/YLR214W/YDR506C/YGL008C/YDR492W/YDR089W/YEL065W/YLR023C/YKR034W/YOL002C/YNL142W/YGL253W/YOR381W/YOR384W
GO:1990822,basic amino acid transmembrane transport,16,-0.6746900625273767,-1.8882221653742417,0.0019543411030481695,0.02763996702882411,0.023147834913591323,844,"tags=69%, list=14%, signal=59%",YNL270C/YBR293W/YCL069W/YOL092W/YIL088C/YKR105C/YDR352W/YEL063C/YDR119W/YGR125W/YMR088C
GO:0019725,cellular homeostasis,242,-0.3207516262933356,-1.4713517556629487,0.002052779548110177,0.02879023316224523,0.02411115627122392,1235,"tags=31%, list=21%, signal=26%",YHR050W/YLR083C/YDR135C/YDR376W/YGL227W/YLR047C/YLR034C/YJL129C/YDR205W/YGL141W/YMR116C/YER125W/YPR138C/YJR033C/YLR126C/YOR270C/YKL175W/YKL168C/YLR220W/YNL201C/YJL110C/YMR205C/YOR371C/YGL160W/YIL114C/YCL017C/YEL027W/YBR127C/YOR079C/YGR038W/YGR121C/YER113C/YHL040C/YCR044C/YDL206W/YMR058W/YDR107C/YPL036W/YLL051C/YDR436W/YGR240C/YIL090W/YHR175W/YPL203W/YBR043C/YDR270W/YHR106W/YKR021W/YBR235W/YBR295W/YDL138W/YLR446W/YGR257C/YIR033W/YJR106W/YOL130W/YAL056W/YLR447C/YOL152W/YMR021C/YFL050C/YLR214W/YDR506C/YGL008C/YER132C/YDR492W/YDR089W/YEL065W/YLR023C/YKR034W/YOL002C/YPR194C/YNL142W/YGL253W/YOR381W/YOR384W
GO:0015695,organic cation transport,39,-0.5461364157643501,-1.8379056260571875,0.0021043202083474706,0.02926918107974209,0.024512264105935305,785,"tags=38%, list=13%, signal=34%",YBR132C/YPR058W/YIL088C/YGR191W/YLR237W/YKR105C/YGL077C/YOR100C/YEL063C/YHL016C/YNL101W/YPL274W/YMR246W/YDL210W/YOR273C
GO:0010499,proteasomal ubiquitin-independent protein catabolic process,17,0.6964572421806698,1.8511803018027901,0.0021453425633759862,0.029595176509522828,0.02478527775979677,1621,"tags=94%, list=28%, signal=68%",YPL106C/YGR253C/YPR103W/YBR169C/YOL038W/YBL041W/YGL011C/YOR157C/YGR135W/YML092C/YFR050C/YER012W/YER094C/YMR314W/YJL001W/YOR362C
GO:0006826,iron ion transport,42,-0.535658389234622,-1.8319400468087546,0.0024584313250363195,0.033367257419646176,0.02794430852481861,333,"tags=31%, list=6%, signal=29%",YHL040C/YMR058W/YLL051C/YAL048C/YOL152W/YLR214W/YDR506C/YEL065W/YMR319C/YOR381W/YOR382W/YOR383C/YOR384W
GO:0006352,DNA-templated transcription initiation,88,0.4457652602785626,1.6561250927546285,0.0024578360526367735,0.033367257419646176,0.02794430852481861,1813,"tags=52%, list=31%, signal=37%",YKL054C/YER159C/YMR039C/YDR174W/YDL005C/YPR052C/YKL160W/YPR025C/YBR089C-A/YOR194C/YJL140W/YLR141W/YNR010W/YGL048C/YDR394W/YNL039W/YMR112C/YDR167W/YMR227C/YBR049C/YDR145W/YGL173C/YGL025C/YBR198C/YBR245C/YOR340C/YPR168W/YGR116W/YKL144C/YGL207W/YOR259C/YDR397C/YNL151C/YBR123C/YOR117W/YPL129W/YGR186W/YMR005W/YJR017C/YEL009C/YMR233W/YDR079C-A/YML043C/YMR236W/YER148W/YOL145C
GO:0000722,telomere maintenance via recombination,35,-0.5848022441832715,-1.9302580333414354,0.002545500331566822,0.03427261646421569,0.02870252584394084,41,"tags=17%, list=1%, signal=17%",YML133C/YBR136W/YNL339C/YLR466W/YDR545W/YGR296W
GO:0045039,protein insertion into mitochondrial inner membrane,14,0.7257486778593052,1.8510061959175215,0.0025715514082693958,0.03434857952474121,0.028766143155160576,822,"tags=57%, list=14%, signal=49%",YEL020W-A/YHR005C-A/YJR135W-A/YER154W/YBR091C/YNL121C/YGR181W/YPL098C
GO:0009070,serine family amino acid biosynthetic process,24,0.643227700783207,1.8689674156196394,0.0026530432811685384,0.03468703546964821,0.029049592203057792,580,"tags=38%, list=10%, signal=34%",YPR167C/YKL001C/YLR303W/YAL012W/YIR017C/YNL103W/YER052C/YIL074C/YFL018C
GO:0072330,monocarboxylic acid biosynthetic process,58,-0.4911142067322142,-1.7866025493208564,0.002635845608342586,0.03468703546964821,0.029049592203057792,562,"tags=28%, list=10%, signal=25%",YDL015C/YMR207C/YKL055C/YMR272C/YNR016C/YIR033W/YOR391C/YPL231W/YKL182W/YJL196C/YMR170C/YHR067W/YPL095C/YGL055W/YPL280W/YEL071W
GO:0046474,glycerophospholipid biosynthetic process,94,-0.4204709794682584,-1.660135243701971,0.0026587210787787398,0.03468703546964821,0.029049592203057792,1469,"tags=48%, list=25%, signal=36%",YJR013W/YOR175C/YNL158W/YNL106C/YOR311C/YGR007W/YCL004W/YJL062W/YLR305C/YDR017C/YPL076W/YNL054W/YDR437W/YLR386W/YDR434W/YDR287W/YIL039W/YDR147W/YPL175W/YGR046W/YLR088W/YIL002C/YOR149C/YFL025C/YLR459W/YLL031C/YOR109W/YLR240W/YNL169C/YLR133W/YLR347C/YNL264C/YCR044C/YGL142C/YCL052C/YBR029C/YHR123W/YGR149W/YKR031C/YCR017C/YNL130C/YHR046C/YER043C/YKR070W/YGR157W
GO:0007033,vacuole organization,111,-0.389011144009316,-1.5795301567174251,0.0027959675026836064,0.036197025438588534,0.030314173976464364,1225,"tags=35%, list=21%, signal=28%",YLR431C/YNL298W/YDR135C/YPL019C/YPL045W/YNL323W/YDL149W/YHL007C/YNL054W/YFL004W/YDR108W/YKL051W/YPL149W/YDL188C/YHR171W/YLL015W/YPL166W/YEL027W/YNL242W/YLR240W/YLR396C/YBR080C/YOR233W/YGL212W/YFR021W/YBR097W/YIL048W/YHL023C/YJR138W/YPL236C/YMR231W/YGR071C/YOR093C/YLR173W/YEL062W/YGR254W/YAL040C/YPR194C/YHR174W
GO:1901657,glycosyl compound metabolic process,28,-0.6026877300094232,-1.8735157598866992,0.0028465709365898756,0.036293779441520915,0.03039520322243894,980,"tags=36%, list=17%, signal=30%",YDR399W/YDR400W/YMR271C/YCL047C/YPL273W/YJR105W/YOL141W/YER043C/YNL129W/YOR047C
GO:0090407,organophosphate biosynthetic process,275,-0.3091880089749556,-1.4473914885779147,0.002827070954849833,0.036293779441520915,0.03039520322243894,1474,"tags=38%, list=25%, signal=30%",YIL083C/YJR013W/YKR043C/YJL005W/YFR047C/YOR175C/YNL158W/YLR420W/YMR095C/YNL106C/YDR319C/YJR156C/YOR311C/YDR428C/YDR020C/YGR007W/YBR221C/YGR061C/YLR359W/YCL004W/YJR133W/YJL062W/YHL020C/YNL333W/YBL039C/YEL058W/YLR305C/YDR017C/YPL076W/YNL054W/YDR437W/YLR386W/YDR434W/YJL153C/YDR287W/YIL039W/YDR147W/YPL031C/YAR015W/YDR399W/YMR096W/YPL175W/YGR046W/YLR088W/YIL002C/YML126C/YMR120C/YER099C/YOR149C/YMR220W/YFL025C/YLR459W/YDR400W/YEL041W/YLR410W/YBR042C/YLL031C/YOR109W/YLR240W/YHR074W/YNL169C/YLR133W/YLR347C/YNL264C/YMR271C/YDR315C/YCR044C/YHL011C/YCL047C/YGR010W/YEL029C/YMR207C/YOL055C/YMR013C/YDR050C/YAL009W/YMR208W/YGL142C/YCL052C/YNR016C/YBR029C/YJR105W/YOL061W/YJR078W/YHR123W/YGR149W/YLR014C/YLR446W/YKR031C/YLR153C/YCR017C/YKL181W/YNL130C/YHR046C/YER043C/YNR012W/YKR070W/YDR123C/YNR043W/YNL129W/YNL141W/YGR157W/YLR231C/YJL116C
GO:1901135,carbohydrate derivative metabolic process,309,-0.29903907111356004,-1.4173738097008315,0.00297204895253444,0.037608709677559866,0.03149642696829137,1476,"tags=36%, list=25%, signal=28%",YLR213C/YJR013W/YHR204W/YKR043C/YJL005W/YLR354C/YMR323W/YNL158W/YMR237W/YLR420W/YEL004W/YNL219C/YOR163W/YDR414C/YNL048W/YLR020C/YDL093W/YER096W/YJL183W/YDR020C/YGR061C/YGR192C/YLR359W/YLR057W/YJR133W/YIL014W/YOR299W/YJL062W/YJR075W/YNL333W/YBL039C/YEL058W/YDR072C/YOL059W/YPL076W/YDR371W/YDR437W/YOR336W/YDR221W/YDR434W/YIL039W/YAR015W/YDR399W/YPL175W/YOR393W/YLR088W/YGL027C/YOR320C/YMR120C/YER099C/YMR205C/YOR149C/YDR483W/YFL025C/YLR459W/YDR400W/YBL082C/YLL031C/YBR127C/YNL029C/YKR027W/YMR271C/YGR256W/YML019W/YCR044C/YHL011C/YCL047C/YJL139C/YJR061W/YER005W/YGR240C/YMR013C/YDR050C/YPL273W/YJR009C/YNR059W/YGL142C/YCL052C/YDL021W/YML070W/YJR105W/YOR002W/YOL141W/YOL061W/YOR347C/YBR196C/YLR446W/YGL257C/YCR017C/YKL181W/YER043C/YGR254W/YNR012W/YOL056W/YOR067C/YKL152C/YOR344C/YPL075W/YKL060C/YGR036C/YNL129W/YOL136C/YHR183W/YAL038W/YGL253W/YHR174W/YOR047C/YJL116C/YFL053W/YCR012W/YJL052W
GO:0006568,L-tryptophan metabolic process,16,-0.6598499444382013,-1.8466898508062985,0.0030642477001019083,0.037920065288761115,0.03175718011173727,385,"tags=31%, list=7%, signal=29%",YJR078W/YLR044C/YLR134W/YLR231C/YGR087C
GO:0006586,indolalkylamine metabolic process,16,-0.6598499444382013,-1.8466898508062985,0.0030642477001019083,0.037920065288761115,0.03175718011173727,385,"tags=31%, list=7%, signal=29%",YJR078W/YLR044C/YLR134W/YLR231C/YGR087C
GO:0042430,indole-containing compound metabolic process,16,-0.6598499444382013,-1.8466898508062985,0.0030642477001019083,0.037920065288761115,0.03175718011173727,385,"tags=31%, list=7%, signal=29%",YJR078W/YLR044C/YLR134W/YLR231C/YGR087C
GO:0072741,protein localization to cell division site,15,0.7057778671438735,1.8254785050813707,0.0031155225518725376,0.03809293259320394,0.031901952492291386,937,"tags=47%, list=16%, signal=39%",YMR032W/YMR001C/YPL158C/YDR388W/YDR507C/YGR092W/YHR023W
GO:0042773,ATP synthesis coupled electron transport,29,0.5991272264124168,1.7930044927335134,0.0031510693540950986,0.03809293259320394,0.031901952492291386,1170,"tags=55%, list=20%, signal=44%",YOR065W/YDR529C/YEL039C/YFR033C/YJL045W/YPR191W/YKL148C/YJL166W/YMR256C/YGL226W/YGL191W/YJR048W/YDL067C/YLR395C/YHR001W-A/YPR140W
GO:0042775,mitochondrial ATP synthesis coupled electron transport,29,0.5991272264124168,1.7930044927335134,0.0031510693540950986,0.03809293259320394,0.031901952492291386,1170,"tags=55%, list=20%, signal=44%",YOR065W/YDR529C/YEL039C/YFR033C/YJL045W/YPR191W/YKL148C/YJL166W/YMR256C/YGL226W/YGL191W/YJR048W/YDL067C/YLR395C/YHR001W-A/YPR140W
GO:0098771,inorganic ion homeostasis,111,-0.3870820556128434,-1.5716973392155975,0.0031687525627145286,0.03809293259320394,0.031901952492291386,812,"tags=31%, list=14%, signal=27%",YGL160W/YCL017C/YEL027W/YBR127C/YOR079C/YER113C/YHL040C/YCR044C/YDL206W/YAL053W/YMR058W/YDR107C/YLL051C/YDR436W/YIL090W/YHR175W/YDR270W/YBR235W/YGR257C/YIR033W/YJR106W/YOL130W/YOL152W/YMR021C/YFL050C/YLR214W/YDR506C/YDR492W/YDR089W/YEL065W/YLR023C/YOL002C/YOR381W/YOR384W
GO:0006633,fatty acid biosynthetic process,31,-0.5766214072638469,-1.847555951277282,0.0032607671488020305,0.03892107171229658,0.03259549990478477,562,"tags=42%, list=10%, signal=38%",YER061C/YDL015C/YMR207C/YKL055C/YMR272C/YNR016C/YIR033W/YPL231W/YKL182W/YJL196C/YHR067W/YPL095C/YGL055W
GO:0016042,lipid catabolic process,67,-0.44219260669623456,-1.6685558635314583,0.0033354530781426117,0.03934600083315228,0.0329513682431691,1362,"tags=39%, list=23%, signal=30%",YDR319C/YLR020C/YDR275W/YMR008C/YAL051W/YOR081C/YLL012W/YLR284C/YDL109C/YNL009W/YNL202W/YJR107W/YEL020C/YPL103C/YPR128C/YKR009C/YPL206C/YPL110C/YGL144C/YOR363C/YKR031C/YJR019C/YPR147C/YGL205W/YCR068W/YPL095C
GO:0140588,chromatin looping,94,-0.41522952578096306,-1.6394405408106683,0.0033431242537972526,0.03934600083315228,0.0329513682431691,796,"tags=19%, list=14%, signal=17%",YER172C/YMR080C/YLR397C/YLL066C/YEL032W/YDR243C/YPR204W/YNL209W/YGR271W/YNL112W/YML133C/YPL029W/YGL251C/YNL339C/YLR466W/YEL077C/YDR545W/YGR296W
GO:0048878,chemical homeostasis,239,-0.3153212515818258,-1.4434778054326636,0.003630425121520619,0.04243059360777224,0.035534643550556355,1123,"tags=30%, list=19%, signal=25%",YLR034C/YJL129C/YDR205W/YMR116C/YER125W/YPR138C/YLR253W/YJR033C/YLR126C/YPL031C/YOR270C/YKL175W/YKL168C/YLR220W/YNL201C/YJL110C/YMR205C/YOR371C/YPL109C/YGL160W/YCL017C/YEL027W/YBR127C/YOR079C/YGR038W/YNL087W/YGR121C/YER113C/YHL040C/YCR044C/YDL206W/YAL053W/YMR058W/YDR107C/YLR087C/YPL036W/YLL051C/YDR436W/YGR240C/YIL090W/YHR175W/YPL203W/YBR043C/YDR270W/YKR021W/YAL048C/YBR235W/YBR295W/YDL138W/YLR446W/YGR257C/YIR033W/YJR106W/YOL130W/YAL056W/YLR447C/YOL152W/YMR021C/YFL050C/YLR214W/YDR506C/YGL008C/YDR492W/YDR089W/YEL065W/YLR023C/YKR034W/YOL002C/YNL142W/YGL253W/YOR381W/YOR384W
GO:0015802,basic amino acid transport,17,-0.6872179555331915,-1.9582202947663814,0.003681201837713434,0.04272732891635662,0.03578315252775527,844,"tags=53%, list=14%, signal=45%",YOL092W/YIL088C/YGR191W/YKR105C/YDR352W/YEL063C/YDR119W/YGR125W/YMR088C
GO:0015851,nucleobase transport,10,-0.7755528380515838,-1.9056474048368148,0.0039004693313887807,0.04496225948443368,0.03765485533330626,933,"tags=80%, list=16%, signal=67%",YOR071C/YBL042C/YAL022C/YBR021W/YLR237W/YER060W/YIR028W/YER056C
GO:0015804,neutral amino acid transport,20,-0.6537090067236475,-1.9047692334851092,0.00394854957599059,0.045206863512871856,0.03785970556571,749,"tags=50%, list=13%, signal=44%",YPR058W/YIL121W/YCR075C/YIL088C/YBR043C/YEL062W/YKR039W/YNL065W/YOR348C/YNL101W
GO:0070972,protein localization to endoplasmic reticulum,58,0.4873407737337359,1.6766021828070607,0.004144848163624805,0.0471336449958145,0.03947334061944249,1381,"tags=43%, list=24%, signal=33%",YER103W/YNCE0024W/YKL122C/YJL034W/YMR040W/YKL065C/YKL073W/YDR086C/YLR378C/YER019C-A/YAL005C/YKL154W/YDL092W/YML055W/YDL072C/YJR117W/YGL200C/YLL024C/YML105C/YAL007C/YBR171W/YBL040C/YPL210C/YOL111C/YDL100C
GO:1901606,alpha-amino acid catabolic process,40,-0.5258077046012424,-1.7726990167372862,0.004278403840323957,0.04832586351184711,0.040471796129945455,590,"tags=35%, list=10%, signal=32%",YGL196W/YEL046C/YHR037W/YKL106W/YJR078W/YNL239W/YLR044C/YLR142W/YER043C/YLR134W/YCL064C/YLR231C/YFR055W/YGR087C
